top,bottom,outer,styleTop,styleBottom,styleUser,rating
shirt,cargo,sweater,streetwear,casual,vintage,1
dress,legging,blazer,vintage,formal,sporty,1
dress,none,coat,streetwear,sporty,formal,1
t-shirt,shorts,coat,vintage,formal,sporty,1
shirt,skirt,blazer,sporty,formal,streetwear,1
t-shirt,trousers,none,vintage,casual,sporty,1
t-shirt,shorts,hoodie,casual,streetwear,sporty,1
shirt,cargo,blazer,vintage,sporty,casual,1
dress,none,none,casual,streetwear,vintage,1
dress,none,coat,vintage,casual,formal,1
dress,shorts,blazer,formal,streetwear,vintage,1
dress,jogger,coat,casual,formal,vintage,1
shirt,shorts,none,vintage,sporty,streetwear,1
dress,cargo,coat,sporty,formal,streetwear,1
shirt,legging,coat,vintage,sporty,streetwear,1
t-shirt,none,blazer,sporty,formal,casual,1
shirt,none,jacket,formal,casual,vintage,1
t-shirt,legging,hoodie,casual,formal,vintage,1
t-shirt,shorts,sweater,streetwear,casual,sporty,1
shirt,none,coat,streetwear,formal,vintage,1
dress,legging,blazer,casual,formal,vintage,1
shirt,cargo,none,vintage,sporty,casual,1
shirt,trousers,jacket,vintage,formal,sporty,1
shirt,none,sweater,streetwear,casual,sporty,1
dress,none,hoodie,vintage,streetwear,sporty,1
t-shirt,cargo,jacket,vintage,formal,casual,1
dress,jogger,blazer,sporty,casual,formal,1
shirt,jogger,sweater,sporty,formal,streetwear,1
shirt,jogger,hoodie,vintage,streetwear,formal,1
dress,jogger,hoodie,formal,sporty,casual,1
t-shirt,shorts,sweater,casual,streetwear,formal,1
t-shirt,skirt,blazer,sporty,streetwear,formal,1
dress,trousers,coat,streetwear,casual,sporty,1
dress,none,blazer,formal,streetwear,vintage,1
t-shirt,none,none,streetwear,casual,sporty,1
shirt,cargo,sweater,formal,vintage,casual,1
shirt,shorts,coat,casual,vintage,formal,1
dress,none,jacket,casual,streetwear,formal,1
t-shirt,jogger,blazer,vintage,streetwear,casual,1
t-shirt,none,none,streetwear,vintage,formal,1
shirt,cargo,sweater,sporty,formal,streetwear,1
t-shirt,shorts,sweater,formal,streetwear,casual,1
dress,none,hoodie,casual,formal,streetwear,1
shirt,skirt,none,streetwear,sporty,vintage,1
t-shirt,none,jacket,streetwear,formal,casual,1
t-shirt,jogger,jacket,casual,vintage,sporty,1
shirt,shorts,none,formal,vintage,streetwear,1
t-shirt,cargo,coat,casual,sporty,formal,1
dress,trousers,blazer,formal,sporty,streetwear,1
t-shirt,legging,sweater,vintage,formal,streetwear,1
shirt,shorts,sweater,vintage,sporty,streetwear,1
shirt,cargo,coat,sporty,streetwear,casual,1
shirt,trousers,hoodie,vintage,streetwear,casual,1
t-shirt,none,coat,vintage,sporty,streetwear,1
t-shirt,cargo,hoodie,sporty,formal,vintage,1
shirt,none,sweater,vintage,formal,sporty,1
dress,none,jacket,casual,streetwear,sporty,1
shirt,trousers,sweater,formal,vintage,streetwear,1
shirt,skirt,jacket,streetwear,formal,casual,1
dress,shorts,blazer,sporty,casual,streetwear,1
shirt,trousers,hoodie,formal,vintage,casual,1
shirt,none,jacket,vintage,sporty,formal,1
shirt,jogger,none,formal,streetwear,casual,1
shirt,skirt,hoodie,vintage,streetwear,formal,1
t-shirt,trousers,coat,casual,streetwear,sporty,1
shirt,none,blazer,formal,casual,vintage,1
t-shirt,shorts,sweater,sporty,vintage,formal,1
t-shirt,skirt,sweater,formal,casual,streetwear,1
dress,skirt,jacket,vintage,sporty,casual,1
shirt,cargo,jacket,streetwear,vintage,formal,1
dress,none,jacket,formal,vintage,casual,1
t-shirt,skirt,jacket,streetwear,vintage,formal,1
dress,cargo,sweater,casual,streetwear,sporty,1
shirt,shorts,coat,streetwear,vintage,sporty,1
t-shirt,none,blazer,streetwear,sporty,casual,1
dress,skirt,hoodie,formal,casual,streetwear,1
shirt,jogger,blazer,streetwear,sporty,vintage,1
shirt,trousers,sweater,sporty,streetwear,vintage,1
dress,skirt,none,casual,vintage,sporty,1
dress,jogger,none,vintage,streetwear,sporty,1
dress,shorts,hoodie,formal,casual,sporty,1
t-shirt,skirt,coat,formal,streetwear,casual,1
t-shirt,none,blazer,casual,formal,streetwear,1
dress,cargo,sweater,casual,streetwear,sporty,1
dress,legging,sweater,sporty,casual,vintage,1
dress,none,coat,formal,sporty,casual,1
t-shirt,legging,jacket,casual,sporty,vintage,1
t-shirt,shorts,coat,sporty,casual,formal,1
t-shirt,none,hoodie,formal,vintage,sporty,1
t-shirt,jogger,blazer,sporty,formal,streetwear,1
dress,cargo,sweater,streetwear,vintage,sporty,1
dress,trousers,sweater,sporty,casual,vintage,1
shirt,legging,none,formal,vintage,streetwear,1
shirt,skirt,sweater,sporty,casual,formal,1
shirt,legging,hoodie,vintage,casual,sporty,1
shirt,skirt,blazer,vintage,formal,sporty,1
dress,jogger,jacket,formal,vintage,sporty,1
dress,trousers,sweater,vintage,sporty,formal,1
dress,none,none,formal,vintage,sporty,1
t-shirt,cargo,none,sporty,vintage,casual,1
shirt,none,jacket,casual,sporty,streetwear,1
t-shirt,legging,jacket,vintage,formal,casual,1
dress,shorts,blazer,sporty,casual,vintage,1
dress,legging,none,casual,formal,sporty,1
shirt,legging,hoodie,vintage,formal,streetwear,1
shirt,skirt,none,casual,sporty,vintage,1
dress,skirt,sweater,streetwear,sporty,formal,1
t-shirt,legging,jacket,vintage,formal,streetwear,1
shirt,none,blazer,streetwear,vintage,formal,1
t-shirt,shorts,blazer,formal,streetwear,sporty,1
shirt,shorts,jacket,sporty,casual,streetwear,1
shirt,jogger,coat,casual,formal,sporty,1
dress,none,sweater,casual,vintage,streetwear,1
dress,jogger,blazer,vintage,formal,casual,1
t-shirt,legging,blazer,formal,casual,sporty,1
dress,shorts,none,streetwear,casual,vintage,1
dress,skirt,coat,formal,streetwear,casual,1
t-shirt,trousers,none,streetwear,vintage,formal,1
dress,jogger,hoodie,formal,sporty,casual,1
t-shirt,shorts,jacket,casual,streetwear,vintage,1
shirt,skirt,jacket,sporty,formal,casual,1
t-shirt,shorts,sweater,formal,sporty,casual,1
shirt,trousers,blazer,formal,sporty,casual,1
t-shirt,cargo,jacket,sporty,casual,vintage,1
t-shirt,none,blazer,formal,casual,sporty,1
t-shirt,legging,coat,vintage,casual,formal,1
shirt,trousers,blazer,sporty,formal,vintage,1
t-shirt,jogger,coat,casual,vintage,sporty,1
shirt,none,none,vintage,formal,casual,1
shirt,shorts,hoodie,formal,streetwear,sporty,1
shirt,jogger,blazer,sporty,casual,streetwear,1
t-shirt,cargo,none,vintage,streetwear,formal,1
shirt,trousers,jacket,streetwear,casual,vintage,1
dress,cargo,hoodie,formal,sporty,streetwear,1
dress,trousers,none,sporty,formal,casual,1
dress,none,coat,vintage,sporty,streetwear,1
shirt,none,blazer,formal,vintage,casual,1
dress,shorts,jacket,streetwear,vintage,casual,1
t-shirt,shorts,coat,streetwear,vintage,formal,1
shirt,trousers,none,formal,vintage,streetwear,1
t-shirt,legging,coat,sporty,vintage,casual,1
dress,trousers,sweater,sporty,streetwear,casual,1
dress,cargo,none,vintage,formal,casual,1
shirt,none,hoodie,sporty,vintage,formal,1
t-shirt,legging,none,streetwear,vintage,casual,1
dress,legging,jacket,vintage,sporty,casual,1
shirt,cargo,jacket,formal,casual,vintage,1
shirt,skirt,coat,streetwear,formal,vintage,1
shirt,shorts,blazer,sporty,formal,streetwear,1
dress,cargo,sweater,streetwear,sporty,formal,1
t-shirt,legging,hoodie,casual,vintage,streetwear,1
t-shirt,none,sweater,vintage,streetwear,sporty,1
t-shirt,jogger,jacket,casual,formal,vintage,1
t-shirt,trousers,hoodie,vintage,sporty,casual,1
shirt,jogger,sweater,sporty,formal,vintage,1
t-shirt,legging,blazer,formal,vintage,casual,1
t-shirt,shorts,sweater,formal,casual,streetwear,1
dress,trousers,blazer,sporty,casual,vintage,1
t-shirt,none,sweater,streetwear,sporty,formal,1
shirt,legging,none,vintage,formal,sporty,1
shirt,shorts,blazer,casual,streetwear,sporty,1
t-shirt,cargo,blazer,sporty,formal,streetwear,1
dress,skirt,hoodie,formal,streetwear,sporty,1
t-shirt,skirt,sweater,formal,vintage,casual,1
dress,jogger,blazer,streetwear,sporty,vintage,1
dress,jogger,jacket,vintage,sporty,casual,1
dress,jogger,sweater,streetwear,vintage,formal,1
shirt,cargo,jacket,sporty,streetwear,formal,1
t-shirt,shorts,none,vintage,casual,streetwear,1
shirt,shorts,sweater,sporty,casual,formal,1
shirt,cargo,sweater,casual,formal,vintage,1
shirt,jogger,jacket,sporty,casual,formal,1
shirt,skirt,blazer,casual,vintage,formal,1
t-shirt,none,blazer,vintage,sporty,streetwear,1
shirt,none,coat,streetwear,sporty,casual,1
t-shirt,trousers,blazer,streetwear,formal,sporty,1
t-shirt,jogger,sweater,vintage,streetwear,formal,1
shirt,none,coat,vintage,casual,sporty,1
shirt,shorts,coat,sporty,streetwear,vintage,1
t-shirt,trousers,blazer,formal,streetwear,casual,1
dress,legging,coat,sporty,formal,streetwear,1
shirt,shorts,jacket,streetwear,sporty,casual,1
dress,none,sweater,streetwear,vintage,formal,1
t-shirt,skirt,coat,sporty,vintage,streetwear,1
t-shirt,none,none,streetwear,formal,sporty,1
shirt,jogger,hoodie,streetwear,sporty,vintage,1
t-shirt,none,coat,streetwear,vintage,sporty,1
dress,skirt,blazer,formal,casual,sporty,1
t-shirt,cargo,hoodie,vintage,casual,formal,1
dress,cargo,none,formal,streetwear,sporty,1
t-shirt,skirt,jacket,vintage,streetwear,sporty,1
shirt,jogger,coat,sporty,casual,vintage,1
dress,skirt,blazer,sporty,formal,casual,1
dress,shorts,blazer,vintage,formal,casual,1
dress,shorts,sweater,vintage,streetwear,casual,1
t-shirt,legging,jacket,sporty,streetwear,formal,1
dress,jogger,hoodie,vintage,sporty,formal,1
shirt,shorts,coat,streetwear,vintage,sporty,1
shirt,shorts,blazer,sporty,casual,streetwear,1
dress,skirt,sweater,casual,vintage,streetwear,1
shirt,none,sweater,casual,vintage,sporty,1
t-shirt,jogger,hoodie,sporty,formal,casual,1
t-shirt,jogger,hoodie,formal,vintage,sporty,1
t-shirt,legging,sweater,vintage,formal,sporty,1
dress,skirt,jacket,vintage,sporty,streetwear,1
dress,skirt,blazer,sporty,casual,formal,1
dress,skirt,none,formal,vintage,casual,1
shirt,jogger,coat,sporty,casual,vintage,1
dress,trousers,none,streetwear,sporty,formal,1
t-shirt,none,jacket,formal,casual,sporty,1
shirt,shorts,jacket,sporty,formal,streetwear,1
dress,trousers,jacket,vintage,formal,streetwear,1
shirt,shorts,coat,sporty,casual,vintage,1
t-shirt,shorts,sweater,casual,formal,vintage,1
t-shirt,none,sweater,sporty,formal,vintage,1
shirt,trousers,sweater,sporty,vintage,streetwear,1
shirt,legging,blazer,vintage,formal,sporty,1
t-shirt,jogger,blazer,sporty,streetwear,formal,1
shirt,legging,jacket,vintage,formal,streetwear,1
t-shirt,trousers,hoodie,streetwear,sporty,formal,1
t-shirt,cargo,coat,formal,sporty,streetwear,1
shirt,skirt,hoodie,streetwear,vintage,formal,1
shirt,legging,jacket,streetwear,sporty,vintage,1
t-shirt,trousers,coat,formal,streetwear,sporty,1
dress,cargo,blazer,streetwear,vintage,formal,1
shirt,jogger,jacket,streetwear,casual,vintage,1
dress,skirt,sweater,casual,sporty,streetwear,1
dress,none,hoodie,vintage,sporty,formal,1
t-shirt,cargo,jacket,casual,streetwear,sporty,1
shirt,shorts,sweater,casual,formal,vintage,1
dress,jogger,sweater,formal,vintage,casual,1
shirt,trousers,jacket,formal,vintage,streetwear,1
shirt,legging,blazer,sporty,vintage,casual,1
shirt,cargo,jacket,streetwear,sporty,formal,1
shirt,none,coat,streetwear,casual,vintage,1
shirt,none,sweater,formal,vintage,casual,1
shirt,jogger,jacket,formal,casual,sporty,1
shirt,shorts,blazer,sporty,casual,vintage,1
t-shirt,jogger,sweater,sporty,formal,vintage,1
shirt,none,hoodie,casual,vintage,sporty,1
dress,trousers,none,formal,casual,sporty,1
dress,jogger,blazer,vintage,streetwear,formal,1
t-shirt,legging,jacket,casual,sporty,streetwear,1
dress,cargo,hoodie,streetwear,vintage,casual,1
shirt,skirt,jacket,formal,streetwear,casual,1
dress,cargo,none,streetwear,casual,sporty,1
shirt,legging,hoodie,sporty,formal,vintage,1
t-shirt,jogger,jacket,sporty,vintage,formal,1
shirt,none,sweater,sporty,formal,casual,1
shirt,shorts,sweater,formal,streetwear,sporty,1
dress,trousers,sweater,formal,sporty,vintage,1
t-shirt,cargo,jacket,casual,formal,sporty,1
t-shirt,none,jacket,vintage,formal,sporty,1
shirt,shorts,sweater,sporty,streetwear,formal,1
dress,skirt,none,streetwear,formal,casual,1
t-shirt,jogger,sweater,vintage,sporty,casual,1
dress,skirt,hoodie,casual,streetwear,sporty,1
shirt,cargo,blazer,casual,formal,streetwear,1
shirt,trousers,none,vintage,streetwear,sporty,1
t-shirt,shorts,sweater,formal,casual,sporty,1
t-shirt,legging,coat,vintage,casual,sporty,1
t-shirt,none,coat,streetwear,formal,sporty,1
shirt,cargo,sweater,casual,streetwear,vintage,1
shirt,jogger,blazer,formal,casual,streetwear,1
t-shirt,legging,none,streetwear,formal,sporty,1
t-shirt,cargo,coat,streetwear,casual,vintage,1
shirt,trousers,blazer,vintage,sporty,formal,1
shirt,legging,blazer,formal,sporty,casual,1
dress,shorts,sweater,sporty,casual,vintage,1
t-shirt,jogger,hoodie,sporty,casual,formal,1
t-shirt,trousers,coat,formal,streetwear,vintage,1
dress,shorts,none,formal,casual,streetwear,1
shirt,cargo,blazer,formal,vintage,sporty,1
t-shirt,skirt,sweater,sporty,formal,streetwear,1
shirt,none,none,formal,sporty,vintage,1
dress,legging,jacket,streetwear,formal,vintage,1
t-shirt,jogger,hoodie,vintage,sporty,streetwear,1
dress,legging,hoodie,streetwear,vintage,casual,1
shirt,legging,blazer,casual,vintage,formal,1
t-shirt,shorts,blazer,formal,vintage,casual,1
dress,skirt,none,streetwear,formal,casual,1
shirt,shorts,blazer,casual,sporty,streetwear,1
t-shirt,cargo,coat,formal,casual,vintage,1
t-shirt,skirt,coat,sporty,streetwear,casual,1
dress,none,sweater,formal,streetwear,sporty,1
shirt,skirt,jacket,sporty,casual,streetwear,1
dress,trousers,none,casual,streetwear,sporty,1
dress,skirt,sweater,casual,formal,vintage,1
shirt,jogger,blazer,vintage,sporty,streetwear,1
dress,skirt,blazer,sporty,streetwear,formal,1
dress,none,coat,formal,vintage,streetwear,1
shirt,trousers,hoodie,streetwear,casual,vintage,1
t-shirt,skirt,jacket,formal,streetwear,casual,1
dress,legging,coat,formal,streetwear,sporty,1
shirt,shorts,blazer,formal,vintage,casual,1
dress,trousers,hoodie,streetwear,casual,formal,1
t-shirt,none,hoodie,sporty,streetwear,vintage,1
dress,shorts,jacket,formal,vintage,sporty,1
t-shirt,legging,hoodie,sporty,formal,streetwear,1
dress,jogger,coat,streetwear,sporty,vintage,1
shirt,trousers,hoodie,casual,streetwear,sporty,1
dress,skirt,blazer,sporty,vintage,streetwear,1
shirt,shorts,none,formal,streetwear,sporty,1
t-shirt,legging,jacket,sporty,vintage,casual,1
shirt,skirt,jacket,vintage,sporty,casual,1
dress,none,hoodie,sporty,formal,casual,1
shirt,shorts,blazer,vintage,casual,sporty,1
dress,shorts,none,sporty,casual,vintage,1
shirt,legging,blazer,vintage,formal,sporty,1
shirt,shorts,jacket,streetwear,vintage,sporty,1
dress,none,sweater,formal,casual,vintage,1
t-shirt,jogger,none,formal,sporty,casual,1
shirt,legging,hoodie,sporty,formal,casual,1
shirt,skirt,jacket,formal,streetwear,sporty,1
t-shirt,legging,coat,casual,vintage,streetwear,1
t-shirt,trousers,jacket,sporty,streetwear,casual,1
t-shirt,jogger,jacket,formal,sporty,casual,1
shirt,jogger,none,sporty,streetwear,casual,1
t-shirt,legging,coat,sporty,casual,vintage,1
shirt,cargo,blazer,casual,vintage,formal,1
dress,none,none,casual,formal,vintage,1
dress,shorts,coat,casual,formal,streetwear,1
t-shirt,jogger,sweater,casual,vintage,formal,1
shirt,cargo,sweater,vintage,streetwear,casual,1
t-shirt,jogger,jacket,streetwear,casual,sporty,1
shirt,skirt,coat,sporty,streetwear,vintage,1
dress,cargo,blazer,casual,vintage,streetwear,1
t-shirt,skirt,jacket,formal,streetwear,sporty,1
dress,cargo,jacket,casual,streetwear,vintage,1
t-shirt,jogger,blazer,casual,formal,streetwear,1
dress,none,none,casual,streetwear,vintage,1
dress,legging,blazer,formal,vintage,casual,1
shirt,trousers,blazer,sporty,streetwear,casual,1
shirt,skirt,jacket,formal,sporty,casual,1
shirt,jogger,blazer,streetwear,vintage,casual,1
t-shirt,none,hoodie,formal,sporty,casual,1
shirt,legging,coat,vintage,casual,streetwear,1
shirt,cargo,blazer,vintage,casual,streetwear,1
dress,trousers,none,casual,sporty,formal,1
t-shirt,jogger,sweater,formal,sporty,streetwear,1
dress,shorts,jacket,vintage,streetwear,sporty,1
t-shirt,shorts,jacket,formal,vintage,streetwear,1
dress,shorts,none,sporty,formal,casual,1
shirt,trousers,coat,vintage,casual,sporty,1
t-shirt,trousers,blazer,sporty,casual,vintage,1
dress,cargo,none,casual,formal,streetwear,1
dress,none,jacket,casual,vintage,streetwear,1
t-shirt,legging,blazer,streetwear,vintage,formal,1
dress,cargo,hoodie,streetwear,formal,vintage,1
shirt,cargo,jacket,formal,sporty,casual,1
shirt,cargo,sweater,casual,sporty,vintage,1
t-shirt,legging,hoodie,formal,vintage,sporty,1
t-shirt,none,jacket,vintage,streetwear,sporty,1
shirt,legging,jacket,formal,streetwear,vintage,1
t-shirt,legging,none,sporty,vintage,formal,1
t-shirt,shorts,sweater,casual,streetwear,formal,1
dress,none,sweater,formal,streetwear,casual,1
t-shirt,skirt,hoodie,sporty,streetwear,vintage,1
dress,cargo,blazer,formal,casual,streetwear,1
t-shirt,shorts,coat,streetwear,formal,vintage,1
dress,legging,sweater,formal,casual,vintage,1
t-shirt,shorts,coat,sporty,streetwear,casual,1
dress,trousers,sweater,sporty,formal,vintage,1
shirt,shorts,sweater,vintage,casual,streetwear,1
dress,trousers,blazer,streetwear,casual,formal,1
dress,jogger,jacket,sporty,streetwear,vintage,1
shirt,shorts,sweater,formal,sporty,streetwear,1
dress,trousers,jacket,vintage,casual,sporty,1
t-shirt,trousers,coat,casual,vintage,streetwear,1
shirt,none,coat,vintage,casual,streetwear,1
shirt,skirt,blazer,formal,streetwear,casual,1
dress,legging,blazer,sporty,casual,vintage,1
t-shirt,none,coat,casual,vintage,streetwear,1
t-shirt,skirt,none,casual,vintage,formal,1
t-shirt,jogger,sweater,formal,casual,streetwear,1
t-shirt,jogger,jacket,casual,streetwear,formal,1
dress,skirt,blazer,streetwear,formal,casual,1
shirt,skirt,coat,casual,vintage,streetwear,1
shirt,none,jacket,streetwear,formal,vintage,1
shirt,legging,coat,streetwear,casual,formal,1
t-shirt,jogger,jacket,streetwear,casual,sporty,1
t-shirt,legging,blazer,formal,casual,streetwear,1
dress,trousers,none,casual,sporty,streetwear,1
dress,none,none,formal,vintage,sporty,1
shirt,skirt,hoodie,sporty,streetwear,vintage,1
dress,none,hoodie,streetwear,formal,vintage,1
t-shirt,shorts,hoodie,streetwear,sporty,vintage,1
shirt,jogger,jacket,casual,vintage,formal,1
dress,cargo,coat,vintage,formal,casual,1
t-shirt,trousers,jacket,sporty,streetwear,casual,1
t-shirt,legging,hoodie,streetwear,sporty,formal,1
shirt,skirt,none,vintage,sporty,formal,1
dress,shorts,none,sporty,casual,streetwear,1
t-shirt,none,jacket,formal,casual,vintage,1
t-shirt,legging,blazer,sporty,formal,casual,1
dress,jogger,jacket,casual,streetwear,vintage,1
t-shirt,legging,jacket,formal,sporty,casual,1
t-shirt,legging,jacket,sporty,streetwear,formal,1
dress,none,sweater,streetwear,vintage,sporty,1
dress,skirt,hoodie,streetwear,sporty,formal,1
t-shirt,legging,sweater,streetwear,casual,vintage,2
t-shirt,none,none,casual,formal,streetwear,2
shirt,cargo,blazer,formal,sporty,sporty,2
dress,trousers,sweater,vintage,formal,sporty,2
shirt,shorts,none,streetwear,vintage,formal,2
t-shirt,skirt,coat,streetwear,vintage,casual,2
dress,legging,jacket,sporty,vintage,formal,2
dress,skirt,blazer,streetwear,streetwear,streetwear,2
dress,jogger,none,casual,streetwear,formal,2
shirt,shorts,coat,formal,formal,vintage,2
dress,skirt,sweater,vintage,sporty,vintage,2
shirt,cargo,hoodie,streetwear,vintage,formal,2
t-shirt,none,sweater,vintage,formal,sporty,2
t-shirt,trousers,sweater,sporty,formal,casual,2
dress,legging,jacket,sporty,streetwear,casual,2
t-shirt,skirt,blazer,casual,casual,sporty,2
dress,legging,none,streetwear,vintage,sporty,2
shirt,shorts,hoodie,casual,sporty,formal,2
dress,trousers,jacket,formal,formal,sporty,2
dress,legging,none,sporty,casual,streetwear,2
dress,legging,jacket,casual,formal,formal,2
shirt,none,hoodie,sporty,streetwear,formal,2
dress,jogger,none,casual,sporty,casual,2
dress,skirt,hoodie,vintage,streetwear,streetwear,2
dress,legging,none,formal,vintage,formal,2
t-shirt,jogger,none,formal,streetwear,sporty,2
dress,skirt,sweater,vintage,vintage,formal,2
dress,legging,coat,formal,vintage,vintage,2
shirt,trousers,coat,formal,casual,sporty,2
t-shirt,jogger,blazer,sporty,streetwear,sporty,2
shirt,trousers,coat,vintage,streetwear,sporty,2
t-shirt,shorts,coat,streetwear,streetwear,streetwear,2
dress,legging,none,casual,vintage,casual,2
dress,trousers,sweater,sporty,streetwear,formal,2
shirt,legging,jacket,formal,casual,sporty,2
t-shirt,none,blazer,streetwear,vintage,streetwear,2
shirt,shorts,sweater,streetwear,casual,sporty,2
dress,legging,blazer,casual,vintage,sporty,2
shirt,legging,blazer,casual,casual,streetwear,2
shirt,skirt,none,streetwear,vintage,formal,2
dress,cargo,none,casual,casual,streetwear,2
shirt,skirt,blazer,casual,casual,formal,2
t-shirt,jogger,blazer,streetwear,casual,streetwear,2
dress,legging,none,casual,sporty,casual,2
dress,jogger,coat,streetwear,streetwear,formal,2
dress,jogger,sweater,formal,streetwear,formal,2
dress,trousers,coat,formal,formal,formal,2
dress,legging,coat,casual,streetwear,streetwear,2
shirt,legging,coat,sporty,casual,streetwear,2
shirt,legging,none,formal,vintage,sporty,2
dress,shorts,jacket,sporty,sporty,vintage,2
dress,shorts,none,streetwear,casual,formal,2
dress,trousers,jacket,streetwear,casual,streetwear,2
t-shirt,skirt,hoodie,streetwear,streetwear,sporty,2
dress,jogger,none,streetwear,sporty,casual,2
t-shirt,shorts,coat,formal,vintage,sporty,2
t-shirt,trousers,none,streetwear,casual,vintage,2
dress,shorts,sweater,sporty,sporty,formal,2
dress,cargo,jacket,vintage,streetwear,casual,2
dress,trousers,sweater,sporty,sporty,sporty,2
dress,trousers,none,vintage,streetwear,formal,2
dress,shorts,coat,vintage,sporty,casual,2
dress,jogger,blazer,sporty,streetwear,streetwear,2
t-shirt,legging,hoodie,streetwear,formal,casual,2
dress,jogger,none,streetwear,vintage,streetwear,2
dress,none,blazer,vintage,streetwear,casual,2
dress,trousers,sweater,streetwear,casual,sporty,2
dress,jogger,none,streetwear,streetwear,sporty,2
dress,skirt,coat,vintage,casual,sporty,2
shirt,trousers,blazer,sporty,formal,sporty,2
t-shirt,legging,hoodie,sporty,streetwear,casual,2
dress,jogger,sweater,vintage,formal,casual,2
shirt,cargo,coat,vintage,formal,streetwear,2
dress,cargo,sweater,streetwear,vintage,casual,2
shirt,shorts,blazer,sporty,casual,sporty,2
shirt,skirt,blazer,formal,formal,streetwear,2
dress,cargo,sweater,casual,streetwear,streetwear,2
dress,trousers,coat,streetwear,formal,streetwear,2
t-shirt,legging,jacket,sporty,sporty,vintage,2
dress,skirt,coat,vintage,streetwear,formal,2
dress,cargo,coat,vintage,vintage,vintage,2
dress,none,sweater,formal,formal,vintage,2
t-shirt,cargo,coat,sporty,sporty,sporty,2
dress,jogger,sweater,formal,vintage,vintage,2
dress,legging,coat,formal,casual,streetwear,2
dress,trousers,sweater,streetwear,sporty,formal,2
dress,none,coat,vintage,streetwear,streetwear,2
t-shirt,trousers,coat,streetwear,streetwear,vintage,2
t-shirt,legging,sweater,casual,streetwear,formal,2
t-shirt,legging,blazer,sporty,casual,streetwear,2
dress,trousers,coat,sporty,formal,formal,2
dress,skirt,blazer,formal,sporty,streetwear,2
dress,skirt,hoodie,streetwear,vintage,sporty,2
dress,jogger,coat,vintage,sporty,formal,2
dress,skirt,hoodie,casual,formal,formal,2
t-shirt,jogger,coat,streetwear,streetwear,streetwear,2
dress,legging,none,vintage,sporty,casual,2
shirt,none,sweater,vintage,vintage,casual,2
dress,legging,none,formal,streetwear,formal,2
shirt,shorts,jacket,formal,casual,vintage,2
dress,shorts,blazer,vintage,formal,streetwear,2
dress,shorts,jacket,vintage,sporty,casual,2
shirt,none,blazer,vintage,sporty,formal,2
shirt,none,coat,formal,casual,sporty,2
dress,legging,blazer,casual,casual,formal,2
dress,skirt,none,sporty,sporty,sporty,2
shirt,shorts,coat,formal,formal,streetwear,2
t-shirt,trousers,sweater,vintage,sporty,streetwear,2
shirt,skirt,sweater,sporty,formal,vintage,2
dress,shorts,jacket,casual,vintage,sporty,2
shirt,jogger,sweater,formal,formal,casual,2
dress,shorts,blazer,formal,formal,casual,2
dress,jogger,coat,casual,vintage,vintage,2
dress,shorts,coat,casual,sporty,vintage,2
shirt,jogger,coat,vintage,sporty,streetwear,2
dress,cargo,coat,vintage,sporty,casual,2
dress,trousers,jacket,formal,formal,streetwear,2
dress,skirt,hoodie,sporty,formal,vintage,2
shirt,shorts,sweater,vintage,streetwear,casual,2
dress,cargo,blazer,vintage,sporty,sporty,2
dress,trousers,sweater,formal,formal,sporty,2
t-shirt,trousers,jacket,streetwear,casual,vintage,2
dress,trousers,coat,streetwear,casual,streetwear,2
shirt,legging,coat,sporty,vintage,streetwear,2
dress,shorts,hoodie,streetwear,formal,sporty,2
dress,trousers,hoodie,sporty,vintage,sporty,2
shirt,legging,coat,casual,vintage,formal,2
t-shirt,trousers,none,vintage,formal,streetwear,2
t-shirt,cargo,sweater,formal,sporty,vintage,2
shirt,none,sweater,casual,casual,formal,2
dress,shorts,none,casual,vintage,vintage,2
dress,shorts,none,formal,vintage,sporty,2
dress,trousers,blazer,vintage,casual,vintage,2
dress,legging,none,streetwear,casual,vintage,2
shirt,cargo,hoodie,vintage,streetwear,sporty,2
dress,jogger,hoodie,vintage,vintage,formal,2
shirt,skirt,none,sporty,vintage,formal,2
shirt,cargo,blazer,formal,vintage,streetwear,2
t-shirt,skirt,blazer,casual,sporty,vintage,2
dress,jogger,sweater,sporty,streetwear,sporty,2
dress,trousers,hoodie,formal,formal,formal,2
t-shirt,jogger,sweater,formal,sporty,casual,2
dress,skirt,blazer,streetwear,formal,vintage,2
dress,shorts,blazer,formal,casual,casual,2
dress,none,jacket,casual,casual,formal,2
t-shirt,legging,coat,formal,sporty,vintage,2
shirt,legging,sweater,vintage,streetwear,formal,2
dress,skirt,none,casual,vintage,vintage,2
shirt,jogger,none,sporty,sporty,vintage,2
dress,skirt,jacket,casual,sporty,casual,2
dress,skirt,hoodie,formal,sporty,streetwear,2
dress,shorts,jacket,formal,sporty,formal,2
dress,jogger,jacket,sporty,formal,formal,2
t-shirt,cargo,blazer,sporty,vintage,sporty,2
dress,jogger,sweater,streetwear,casual,casual,2
dress,cargo,none,formal,streetwear,casual,2
dress,jogger,sweater,streetwear,casual,formal,2
dress,jogger,jacket,streetwear,sporty,sporty,2
t-shirt,legging,blazer,streetwear,formal,vintage,2
shirt,legging,hoodie,casual,sporty,formal,2
dress,cargo,coat,vintage,vintage,formal,2
dress,legging,blazer,casual,vintage,casual,2
shirt,none,none,sporty,formal,vintage,2
dress,shorts,blazer,vintage,sporty,streetwear,2
dress,skirt,sweater,sporty,sporty,streetwear,2
t-shirt,shorts,coat,casual,streetwear,formal,2
dress,shorts,sweater,casual,vintage,formal,2
dress,cargo,hoodie,formal,streetwear,vintage,2
dress,cargo,blazer,sporty,formal,streetwear,2
dress,cargo,sweater,formal,streetwear,streetwear,2
dress,cargo,blazer,vintage,casual,formal,2
t-shirt,trousers,blazer,casual,sporty,sporty,2
dress,none,sweater,sporty,vintage,streetwear,2
shirt,legging,blazer,formal,streetwear,streetwear,2
dress,legging,jacket,sporty,casual,sporty,2
shirt,none,coat,sporty,sporty,streetwear,2
dress,legging,sweater,casual,streetwear,casual,2
shirt,none,blazer,sporty,casual,vintage,2
dress,skirt,jacket,casual,casual,casual,2
shirt,cargo,none,streetwear,formal,vintage,2
t-shirt,jogger,coat,vintage,vintage,streetwear,2
dress,jogger,hoodie,formal,formal,vintage,2
shirt,none,none,streetwear,sporty,vintage,2
dress,skirt,none,streetwear,sporty,casual,2
shirt,shorts,none,sporty,formal,vintage,2
t-shirt,cargo,coat,streetwear,vintage,casual,2
shirt,legging,blazer,vintage,vintage,streetwear,2
dress,cargo,jacket,streetwear,casual,formal,2
dress,jogger,hoodie,vintage,casual,casual,2
dress,none,coat,formal,formal,streetwear,2
dress,skirt,jacket,sporty,sporty,streetwear,2
shirt,legging,coat,streetwear,streetwear,casual,2
dress,skirt,hoodie,sporty,streetwear,formal,2
dress,trousers,none,vintage,formal,streetwear,2
shirt,shorts,blazer,casual,streetwear,sporty,2
dress,trousers,hoodie,formal,sporty,vintage,2
dress,jogger,blazer,vintage,casual,casual,2
t-shirt,legging,jacket,formal,vintage,sporty,2
shirt,none,coat,vintage,streetwear,streetwear,2
shirt,cargo,hoodie,streetwear,streetwear,sporty,2
dress,jogger,none,sporty,casual,casual,2
dress,shorts,sweater,formal,sporty,vintage,2
shirt,cargo,blazer,streetwear,vintage,sporty,2
shirt,cargo,none,streetwear,sporty,formal,2
shirt,legging,jacket,formal,streetwear,vintage,2
dress,shorts,hoodie,streetwear,casual,formal,2
shirt,legging,sweater,vintage,formal,streetwear,2
dress,skirt,sweater,vintage,casual,vintage,2
dress,cargo,hoodie,vintage,casual,streetwear,2
shirt,jogger,blazer,sporty,formal,sporty,2
t-shirt,legging,jacket,sporty,sporty,casual,2
dress,trousers,blazer,sporty,casual,casual,2
dress,jogger,hoodie,streetwear,streetwear,vintage,2
shirt,cargo,hoodie,vintage,casual,sporty,2
dress,trousers,sweater,streetwear,sporty,formal,2
dress,shorts,none,formal,casual,formal,2
dress,jogger,hoodie,casual,vintage,casual,2
t-shirt,skirt,hoodie,formal,sporty,vintage,2
t-shirt,shorts,coat,casual,vintage,sporty,2
dress,shorts,sweater,vintage,sporty,sporty,2
dress,shorts,none,sporty,vintage,casual,2
dress,cargo,jacket,formal,formal,sporty,2
dress,legging,hoodie,streetwear,streetwear,sporty,2
shirt,cargo,hoodie,casual,formal,streetwear,2
dress,trousers,coat,vintage,casual,casual,2
dress,none,jacket,formal,sporty,casual,2
shirt,legging,coat,casual,casual,streetwear,2
dress,shorts,coat,vintage,streetwear,streetwear,2
t-shirt,trousers,coat,formal,sporty,sporty,2
t-shirt,skirt,blazer,vintage,sporty,casual,2
dress,cargo,hoodie,casual,casual,formal,2
dress,jogger,coat,sporty,streetwear,casual,2
t-shirt,jogger,coat,sporty,formal,sporty,2
dress,trousers,sweater,sporty,sporty,vintage,2
shirt,legging,jacket,casual,sporty,vintage,2
shirt,trousers,jacket,streetwear,formal,casual,2
t-shirt,legging,sweater,formal,formal,streetwear,2
shirt,trousers,coat,formal,sporty,sporty,2
dress,skirt,hoodie,sporty,vintage,casual,2
shirt,cargo,blazer,formal,vintage,casual,2
dress,trousers,blazer,casual,sporty,sporty,2
shirt,none,sweater,vintage,formal,sporty,2
shirt,legging,coat,streetwear,casual,streetwear,2
t-shirt,legging,hoodie,streetwear,sporty,vintage,2
dress,skirt,blazer,casual,casual,sporty,2
dress,trousers,hoodie,streetwear,casual,formal,2
shirt,legging,blazer,formal,casual,streetwear,2
dress,jogger,sweater,vintage,casual,casual,2
t-shirt,skirt,jacket,casual,formal,sporty,2
shirt,skirt,coat,vintage,sporty,streetwear,2
dress,jogger,jacket,sporty,formal,sporty,2
dress,trousers,jacket,vintage,streetwear,streetwear,2
dress,legging,jacket,formal,formal,streetwear,2
dress,trousers,hoodie,streetwear,streetwear,vintage,2
shirt,skirt,coat,vintage,vintage,streetwear,2
t-shirt,trousers,blazer,streetwear,sporty,streetwear,2
t-shirt,jogger,blazer,streetwear,streetwear,streetwear,2
dress,skirt,sweater,streetwear,casual,casual,2
shirt,shorts,hoodie,streetwear,casual,vintage,2
t-shirt,none,blazer,streetwear,sporty,vintage,2
t-shirt,none,none,formal,vintage,casual,2
dress,shorts,blazer,casual,sporty,sporty,2
t-shirt,shorts,hoodie,sporty,sporty,formal,2
dress,shorts,sweater,sporty,vintage,formal,2
dress,cargo,coat,streetwear,sporty,vintage,2
t-shirt,skirt,blazer,sporty,formal,streetwear,2
shirt,trousers,blazer,vintage,casual,streetwear,2
t-shirt,cargo,jacket,casual,casual,sporty,2
dress,legging,sweater,casual,vintage,vintage,2
t-shirt,legging,coat,sporty,streetwear,sporty,2
dress,legging,blazer,sporty,streetwear,sporty,2
shirt,jogger,blazer,formal,formal,casual,2
shirt,skirt,coat,sporty,sporty,sporty,2
dress,cargo,blazer,sporty,casual,formal,2
shirt,legging,hoodie,sporty,casual,vintage,2
dress,none,blazer,sporty,vintage,casual,2
shirt,skirt,blazer,formal,vintage,sporty,2
shirt,none,hoodie,sporty,streetwear,casual,2
dress,jogger,sweater,casual,casual,vintage,2
dress,shorts,jacket,vintage,casual,streetwear,2
dress,none,coat,sporty,casual,vintage,2
dress,skirt,jacket,sporty,casual,casual,2
dress,cargo,coat,casual,casual,formal,2
dress,cargo,none,streetwear,streetwear,formal,2
shirt,skirt,blazer,streetwear,vintage,formal,2
dress,trousers,jacket,sporty,casual,vintage,2
dress,trousers,jacket,vintage,formal,formal,2
dress,trousers,sweater,formal,streetwear,formal,2
dress,trousers,sweater,streetwear,formal,casual,2
t-shirt,none,none,formal,vintage,casual,2
t-shirt,skirt,none,casual,vintage,streetwear,2
t-shirt,none,hoodie,formal,casual,streetwear,2
dress,jogger,coat,vintage,streetwear,vintage,2
dress,skirt,blazer,casual,vintage,vintage,2
shirt,legging,hoodie,casual,formal,streetwear,2
t-shirt,shorts,jacket,streetwear,sporty,formal,2
dress,jogger,blazer,casual,formal,formal,2
shirt,skirt,sweater,sporty,casual,streetwear,2
dress,jogger,blazer,casual,streetwear,streetwear,2
dress,cargo,coat,casual,casual,streetwear,2
shirt,shorts,coat,sporty,vintage,casual,2
dress,legging,none,streetwear,streetwear,casual,2
dress,skirt,none,streetwear,sporty,sporty,2
shirt,none,none,vintage,vintage,sporty,2
shirt,none,hoodie,vintage,streetwear,casual,2
dress,skirt,none,sporty,formal,sporty,2
dress,jogger,jacket,sporty,formal,formal,2
dress,trousers,coat,streetwear,casual,sporty,2
shirt,shorts,blazer,vintage,streetwear,casual,2
dress,trousers,blazer,sporty,sporty,streetwear,2
dress,cargo,none,vintage,vintage,sporty,2
shirt,legging,sweater,casual,sporty,streetwear,2
dress,cargo,blazer,streetwear,casual,vintage,2
shirt,skirt,none,formal,streetwear,casual,2
dress,shorts,coat,casual,formal,streetwear,2
shirt,jogger,jacket,vintage,casual,formal,2
shirt,jogger,coat,casual,vintage,streetwear,2
t-shirt,cargo,coat,sporty,vintage,sporty,2
dress,skirt,blazer,casual,casual,streetwear,2
dress,cargo,none,vintage,streetwear,formal,2
t-shirt,legging,coat,streetwear,vintage,streetwear,2
shirt,jogger,sweater,casual,vintage,formal,2
shirt,jogger,coat,sporty,vintage,streetwear,2
dress,jogger,blazer,sporty,streetwear,vintage,2
t-shirt,trousers,blazer,vintage,sporty,formal,2
shirt,shorts,sweater,vintage,formal,sporty,2
dress,jogger,blazer,sporty,sporty,casual,2
shirt,skirt,jacket,formal,formal,sporty,2
dress,none,jacket,streetwear,formal,vintage,2
shirt,skirt,sweater,casual,vintage,formal,2
dress,trousers,hoodie,streetwear,casual,casual,2
dress,legging,blazer,formal,sporty,formal,2
dress,jogger,coat,streetwear,casual,streetwear,2
dress,legging,blazer,streetwear,sporty,sporty,2
dress,shorts,none,sporty,casual,sporty,2
dress,skirt,none,casual,casual,vintage,2
dress,shorts,hoodie,sporty,sporty,vintage,2
dress,legging,jacket,casual,formal,formal,2
t-shirt,none,hoodie,streetwear,streetwear,vintage,2
shirt,cargo,coat,formal,casual,streetwear,2
dress,legging,sweater,vintage,vintage,formal,2
shirt,trousers,jacket,casual,vintage,streetwear,2
dress,legging,hoodie,sporty,vintage,vintage,2
dress,cargo,hoodie,streetwear,streetwear,casual,2
dress,jogger,none,streetwear,streetwear,vintage,2
dress,legging,jacket,casual,sporty,formal,2
t-shirt,skirt,jacket,casual,formal,sporty,2
dress,trousers,none,sporty,formal,streetwear,2
shirt,shorts,hoodie,vintage,formal,streetwear,2
t-shirt,cargo,coat,sporty,sporty,formal,2
shirt,jogger,blazer,streetwear,formal,casual,2
dress,shorts,sweater,vintage,casual,vintage,2
dress,none,sweater,vintage,casual,streetwear,2
dress,legging,coat,formal,casual,sporty,2
t-shirt,none,blazer,vintage,sporty,streetwear,2
t-shirt,legging,jacket,sporty,casual,vintage,2
dress,trousers,blazer,casual,vintage,casual,2
t-shirt,jogger,hoodie,sporty,formal,vintage,2
dress,trousers,coat,casual,streetwear,streetwear,2
t-shirt,cargo,coat,formal,streetwear,streetwear,2
dress,legging,blazer,streetwear,casual,vintage,2
dress,shorts,coat,vintage,sporty,casual,2
shirt,trousers,hoodie,streetwear,streetwear,sporty,2
dress,trousers,coat,streetwear,sporty,sporty,2
t-shirt,legging,coat,streetwear,streetwear,casual,2
t-shirt,cargo,hoodie,sporty,casual,vintage,2
shirt,jogger,coat,sporty,sporty,sporty,2
dress,shorts,sweater,sporty,formal,vintage,2
shirt,trousers,coat,formal,streetwear,sporty,2
dress,cargo,blazer,sporty,formal,sporty,2
dress,skirt,hoodie,formal,sporty,vintage,2
dress,jogger,jacket,formal,formal,sporty,2
dress,skirt,blazer,casual,sporty,streetwear,2
dress,cargo,none,casual,sporty,vintage,2
shirt,legging,blazer,vintage,vintage,formal,2
dress,cargo,none,streetwear,casual,streetwear,2
t-shirt,none,hoodie,vintage,vintage,sporty,2
shirt,jogger,jacket,vintage,sporty,formal,2
t-shirt,jogger,coat,sporty,sporty,sporty,2
dress,legging,blazer,sporty,vintage,formal,2
dress,legging,none,streetwear,vintage,streetwear,2
dress,cargo,sweater,sporty,formal,vintage,2
dress,legging,coat,vintage,vintage,streetwear,2
dress,cargo,hoodie,formal,casual,casual,2
dress,shorts,sweater,sporty,formal,vintage,2
t-shirt,cargo,blazer,streetwear,casual,sporty,2
t-shirt,shorts,hoodie,vintage,casual,sporty,2
t-shirt,skirt,hoodie,casual,casual,sporty,2
dress,shorts,hoodie,casual,formal,sporty,2
shirt,trousers,blazer,streetwear,vintage,streetwear,2
shirt,none,coat,formal,streetwear,sporty,2
dress,jogger,none,casual,formal,streetwear,2
t-shirt,legging,coat,formal,sporty,vintage,2
dress,trousers,none,sporty,sporty,vintage,2
t-shirt,trousers,none,vintage,streetwear,formal,2
dress,shorts,jacket,vintage,formal,vintage,2
t-shirt,legging,none,streetwear,formal,casual,2
dress,trousers,sweater,vintage,formal,streetwear,2
dress,shorts,none,streetwear,streetwear,sporty,2
shirt,legging,blazer,casual,vintage,sporty,2
shirt,legging,sweater,formal,streetwear,streetwear,3
t-shirt,none,blazer,streetwear,casual,vintage,3
shirt,shorts,sweater,sporty,streetwear,vintage,3
shirt,legging,coat,casual,sporty,formal,3
shirt,skirt,sweater,sporty,formal,casual,3
t-shirt,jogger,coat,sporty,casual,formal,3
t-shirt,shorts,sweater,vintage,casual,sporty,3
t-shirt,legging,hoodie,casual,sporty,casual,3
t-shirt,legging,blazer,vintage,vintage,casual,3
t-shirt,trousers,blazer,casual,vintage,casual,3
shirt,trousers,hoodie,formal,casual,streetwear,3
shirt,none,coat,sporty,sporty,formal,3
t-shirt,shorts,hoodie,streetwear,vintage,streetwear,3
t-shirt,skirt,jacket,formal,formal,streetwear,3
shirt,legging,coat,casual,sporty,casual,3
shirt,skirt,coat,vintage,vintage,casual,3
shirt,legging,coat,casual,formal,vintage,3
t-shirt,cargo,blazer,formal,vintage,formal,3
t-shirt,cargo,jacket,vintage,streetwear,streetwear,3
shirt,trousers,blazer,sporty,formal,vintage,3
shirt,none,coat,streetwear,formal,formal,3
shirt,cargo,hoodie,streetwear,casual,vintage,3
t-shirt,legging,sweater,vintage,streetwear,streetwear,3
t-shirt,cargo,none,formal,streetwear,sporty,3
t-shirt,shorts,blazer,sporty,sporty,formal,3
shirt,skirt,sweater,formal,casual,streetwear,3
t-shirt,trousers,hoodie,formal,sporty,formal,3
shirt,jogger,blazer,sporty,streetwear,casual,3
t-shirt,shorts,jacket,sporty,sporty,formal,3
shirt,trousers,blazer,streetwear,formal,vintage,3
shirt,none,jacket,formal,vintage,vintage,3
dress,none,none,streetwear,casual,streetwear,3
t-shirt,cargo,jacket,vintage,formal,vintage,3
shirt,jogger,blazer,sporty,sporty,vintage,3
t-shirt,legging,jacket,formal,casual,formal,3
t-shirt,jogger,hoodie,sporty,sporty,vintage,3
shirt,jogger,hoodie,sporty,streetwear,casual,3
t-shirt,shorts,jacket,sporty,formal,sporty,3
shirt,trousers,hoodie,formal,streetwear,streetwear,3
t-shirt,jogger,jacket,casual,formal,casual,3
t-shirt,shorts,hoodie,casual,formal,sporty,3
shirt,none,none,streetwear,sporty,vintage,3
t-shirt,shorts,jacket,formal,vintage,vintage,3
t-shirt,legging,hoodie,casual,sporty,sporty,3
dress,none,jacket,vintage,sporty,casual,3
shirt,cargo,sweater,formal,casual,formal,3
t-shirt,skirt,hoodie,casual,streetwear,formal,3
shirt,jogger,hoodie,vintage,casual,formal,3
shirt,cargo,hoodie,vintage,casual,streetwear,3
shirt,trousers,none,sporty,casual,casual,3
shirt,shorts,sweater,streetwear,sporty,formal,3
t-shirt,legging,sweater,formal,streetwear,formal,3
shirt,none,hoodie,formal,vintage,vintage,3
t-shirt,jogger,jacket,vintage,formal,streetwear,3
shirt,cargo,none,formal,sporty,sporty,3
shirt,legging,jacket,casual,casual,sporty,3
shirt,none,none,formal,casual,streetwear,3
shirt,shorts,blazer,sporty,formal,formal,3
t-shirt,none,blazer,vintage,vintage,formal,3
t-shirt,trousers,none,casual,formal,streetwear,3
shirt,skirt,jacket,vintage,casual,formal,3
t-shirt,trousers,sweater,vintage,sporty,sporty,3
shirt,trousers,coat,vintage,casual,formal,3
shirt,skirt,coat,sporty,streetwear,vintage,3
shirt,jogger,none,formal,vintage,vintage,3
t-shirt,legging,hoodie,formal,sporty,formal,3
shirt,none,hoodie,streetwear,casual,formal,3
t-shirt,legging,coat,sporty,casual,casual,3
t-shirt,none,coat,casual,streetwear,casual,3
t-shirt,trousers,hoodie,vintage,formal,vintage,3
t-shirt,trousers,hoodie,sporty,streetwear,streetwear,3
t-shirt,legging,hoodie,formal,casual,sporty,3
t-shirt,shorts,coat,formal,vintage,casual,3
t-shirt,skirt,coat,formal,formal,casual,3
shirt,none,hoodie,formal,streetwear,casual,3
t-shirt,jogger,jacket,sporty,formal,casual,3
t-shirt,none,jacket,vintage,formal,formal,3
t-shirt,shorts,coat,streetwear,sporty,vintage,3
shirt,trousers,hoodie,formal,vintage,streetwear,3
shirt,cargo,sweater,vintage,casual,casual,3
t-shirt,shorts,coat,formal,sporty,casual,3
t-shirt,none,jacket,formal,vintage,casual,3
shirt,legging,none,streetwear,sporty,formal,3
t-shirt,jogger,sweater,vintage,formal,vintage,3
shirt,cargo,sweater,sporty,streetwear,vintage,3
t-shirt,cargo,coat,sporty,streetwear,casual,3
dress,none,jacket,casual,formal,vintage,3
shirt,cargo,sweater,sporty,vintage,sporty,3
dress,none,jacket,streetwear,casual,casual,3
shirt,cargo,hoodie,formal,vintage,vintage,3
t-shirt,trousers,blazer,streetwear,vintage,casual,3
shirt,cargo,hoodie,casual,streetwear,casual,3
shirt,cargo,blazer,formal,sporty,casual,3
t-shirt,trousers,jacket,streetwear,sporty,streetwear,3
dress,none,none,streetwear,casual,casual,3
t-shirt,jogger,hoodie,streetwear,casual,casual,3
t-shirt,cargo,jacket,streetwear,formal,streetwear,3
shirt,skirt,none,formal,streetwear,sporty,3
shirt,none,hoodie,casual,streetwear,casual,3
shirt,cargo,jacket,casual,casual,vintage,3
t-shirt,jogger,blazer,sporty,sporty,formal,3
shirt,skirt,sweater,formal,vintage,streetwear,3
t-shirt,jogger,sweater,formal,sporty,casual,3
t-shirt,skirt,coat,casual,streetwear,casual,3
t-shirt,legging,sweater,casual,sporty,vintage,3
shirt,legging,sweater,casual,streetwear,casual,3
t-shirt,cargo,hoodie,sporty,streetwear,formal,3
shirt,cargo,hoodie,formal,vintage,vintage,3
shirt,jogger,blazer,formal,streetwear,casual,3
shirt,legging,coat,formal,sporty,vintage,3
dress,none,hoodie,casual,formal,formal,3
dress,none,jacket,formal,vintage,formal,3
shirt,none,coat,vintage,casual,vintage,3
t-shirt,legging,none,vintage,formal,vintage,3
t-shirt,none,none,vintage,streetwear,streetwear,3
shirt,shorts,jacket,sporty,formal,vintage,3
t-shirt,shorts,jacket,formal,streetwear,streetwear,3
t-shirt,jogger,none,streetwear,vintage,streetwear,3
shirt,jogger,sweater,formal,vintage,formal,3
t-shirt,legging,coat,formal,vintage,vintage,3
t-shirt,cargo,coat,sporty,casual,vintage,3
t-shirt,legging,none,formal,formal,vintage,3
shirt,cargo,hoodie,casual,casual,sporty,3
shirt,none,none,sporty,vintage,casual,3
shirt,trousers,coat,vintage,sporty,formal,3
t-shirt,legging,jacket,formal,formal,vintage,3
shirt,jogger,none,formal,sporty,vintage,3
shirt,jogger,jacket,sporty,sporty,streetwear,3
t-shirt,shorts,none,sporty,casual,vintage,3
t-shirt,none,coat,formal,formal,vintage,3
t-shirt,skirt,jacket,vintage,casual,sporty,3
dress,none,hoodie,vintage,vintage,sporty,3
t-shirt,cargo,hoodie,formal,sporty,sporty,3
shirt,cargo,sweater,casual,formal,casual,3
shirt,jogger,none,sporty,casual,vintage,3
t-shirt,shorts,coat,streetwear,vintage,vintage,3
shirt,jogger,coat,vintage,casual,vintage,3
shirt,trousers,sweater,vintage,sporty,sporty,3
t-shirt,jogger,none,streetwear,vintage,vintage,3
t-shirt,shorts,none,streetwear,vintage,formal,3
dress,none,jacket,streetwear,sporty,casual,3
shirt,jogger,sweater,streetwear,formal,formal,3
t-shirt,legging,none,sporty,streetwear,formal,3
t-shirt,cargo,coat,casual,vintage,vintage,3
shirt,skirt,none,streetwear,formal,streetwear,3
t-shirt,none,jacket,sporty,streetwear,casual,3
t-shirt,none,hoodie,streetwear,vintage,streetwear,3
t-shirt,jogger,blazer,formal,streetwear,formal,3
shirt,trousers,none,vintage,formal,sporty,3
dress,none,hoodie,streetwear,formal,sporty,3
shirt,trousers,hoodie,formal,formal,sporty,3
shirt,jogger,sweater,vintage,streetwear,vintage,3
t-shirt,none,coat,casual,formal,vintage,3
t-shirt,none,sweater,streetwear,sporty,vintage,3
t-shirt,shorts,jacket,casual,formal,casual,3
t-shirt,cargo,sweater,sporty,formal,vintage,3
t-shirt,shorts,none,vintage,formal,streetwear,3
t-shirt,trousers,sweater,formal,sporty,casual,3
t-shirt,jogger,hoodie,streetwear,formal,streetwear,3
shirt,cargo,hoodie,vintage,formal,casual,3
shirt,jogger,hoodie,casual,formal,streetwear,3
t-shirt,none,coat,formal,vintage,vintage,3
shirt,shorts,sweater,sporty,sporty,vintage,3
shirt,shorts,blazer,sporty,vintage,casual,3
shirt,skirt,hoodie,vintage,streetwear,vintage,3
t-shirt,skirt,sweater,vintage,sporty,streetwear,3
dress,none,coat,vintage,casual,vintage,3
t-shirt,skirt,jacket,vintage,casual,formal,3
t-shirt,skirt,blazer,vintage,streetwear,casual,3
t-shirt,skirt,none,streetwear,streetwear,formal,3
shirt,jogger,none,sporty,streetwear,streetwear,3
shirt,none,jacket,vintage,formal,streetwear,3
t-shirt,trousers,hoodie,vintage,casual,casual,3
shirt,jogger,sweater,casual,formal,streetwear,3
shirt,cargo,coat,casual,sporty,casual,3
shirt,cargo,none,vintage,formal,sporty,3
shirt,none,hoodie,sporty,vintage,sporty,3
t-shirt,legging,jacket,sporty,casual,casual,3
shirt,legging,coat,sporty,casual,formal,3
shirt,trousers,blazer,sporty,sporty,casual,3
t-shirt,jogger,hoodie,streetwear,formal,formal,3
t-shirt,skirt,coat,vintage,sporty,vintage,3
t-shirt,shorts,coat,casual,casual,vintage,3
shirt,shorts,jacket,formal,streetwear,vintage,3
shirt,legging,sweater,streetwear,formal,streetwear,3
shirt,cargo,none,casual,streetwear,casual,3
t-shirt,shorts,coat,streetwear,streetwear,casual,3
shirt,trousers,hoodie,formal,vintage,sporty,3
shirt,none,hoodie,formal,streetwear,casual,3
t-shirt,none,jacket,sporty,sporty,streetwear,3
shirt,none,coat,streetwear,casual,casual,3
t-shirt,cargo,hoodie,casual,vintage,casual,3
shirt,trousers,none,streetwear,casual,vintage,3
shirt,trousers,none,casual,streetwear,vintage,3
t-shirt,legging,hoodie,formal,formal,streetwear,3
t-shirt,shorts,hoodie,streetwear,casual,formal,3
t-shirt,trousers,sweater,sporty,vintage,formal,3
shirt,legging,jacket,vintage,sporty,formal,3
t-shirt,jogger,none,formal,streetwear,formal,3
shirt,shorts,jacket,streetwear,streetwear,vintage,3
t-shirt,shorts,none,formal,vintage,vintage,3
t-shirt,legging,jacket,sporty,vintage,vintage,3
shirt,cargo,blazer,vintage,casual,casual,3
shirt,none,blazer,sporty,sporty,formal,3
shirt,shorts,none,formal,casual,vintage,3
t-shirt,cargo,jacket,casual,sporty,sporty,3
dress,none,none,streetwear,formal,streetwear,3
t-shirt,skirt,hoodie,vintage,streetwear,streetwear,3
shirt,legging,none,streetwear,sporty,streetwear,3
t-shirt,none,blazer,sporty,sporty,formal,3
dress,none,sweater,streetwear,streetwear,formal,3
dress,none,hoodie,streetwear,sporty,formal,3
shirt,cargo,hoodie,casual,streetwear,casual,3
shirt,skirt,none,streetwear,sporty,streetwear,3
dress,none,hoodie,formal,formal,streetwear,3
shirt,none,coat,sporty,formal,casual,3
shirt,none,sweater,casual,vintage,casual,3
shirt,shorts,jacket,formal,vintage,formal,3
shirt,skirt,sweater,vintage,streetwear,sporty,3
t-shirt,legging,blazer,streetwear,streetwear,vintage,3
shirt,shorts,blazer,streetwear,vintage,formal,3
shirt,legging,jacket,streetwear,vintage,formal,3
shirt,trousers,none,sporty,formal,sporty,3
shirt,trousers,coat,sporty,streetwear,formal,3
t-shirt,skirt,none,vintage,formal,streetwear,3
dress,none,coat,casual,streetwear,casual,3
shirt,legging,sweater,formal,sporty,streetwear,3
shirt,shorts,hoodie,sporty,formal,vintage,3
t-shirt,shorts,sweater,sporty,formal,streetwear,3
shirt,trousers,none,formal,casual,streetwear,3
shirt,trousers,jacket,streetwear,vintage,vintage,3
t-shirt,none,hoodie,formal,casual,formal,3
shirt,trousers,jacket,formal,vintage,formal,3
shirt,legging,hoodie,casual,formal,vintage,3
shirt,skirt,jacket,formal,formal,streetwear,3
t-shirt,jogger,coat,casual,sporty,casual,3
t-shirt,jogger,sweater,casual,casual,vintage,3
shirt,jogger,jacket,casual,sporty,casual,3
shirt,cargo,hoodie,vintage,formal,formal,3
shirt,trousers,hoodie,casual,sporty,formal,3
shirt,trousers,coat,vintage,casual,formal,3
t-shirt,shorts,sweater,streetwear,sporty,streetwear,3
t-shirt,skirt,coat,vintage,sporty,vintage,3
shirt,jogger,jacket,sporty,sporty,casual,3
t-shirt,skirt,jacket,formal,casual,streetwear,3
t-shirt,none,hoodie,casual,vintage,casual,3
t-shirt,cargo,hoodie,vintage,vintage,sporty,3
t-shirt,legging,blazer,streetwear,formal,formal,3
t-shirt,shorts,coat,sporty,sporty,casual,3
shirt,shorts,jacket,formal,casual,casual,3
shirt,skirt,sweater,streetwear,casual,casual,3
t-shirt,none,none,casual,formal,formal,3
shirt,jogger,hoodie,streetwear,formal,casual,3
dress,none,jacket,streetwear,casual,streetwear,3
t-shirt,skirt,coat,sporty,streetwear,formal,3
shirt,shorts,jacket,streetwear,streetwear,sporty,3
t-shirt,jogger,none,vintage,formal,formal,3
t-shirt,skirt,none,sporty,vintage,sporty,3
shirt,cargo,jacket,sporty,streetwear,streetwear,3
shirt,trousers,blazer,formal,casual,formal,3
shirt,shorts,jacket,streetwear,casual,sporty,3
t-shirt,shorts,hoodie,vintage,casual,casual,3
t-shirt,none,hoodie,vintage,casual,streetwear,3
shirt,none,coat,formal,vintage,formal,3
t-shirt,shorts,blazer,vintage,sporty,vintage,3
shirt,cargo,hoodie,sporty,casual,formal,3
t-shirt,trousers,jacket,formal,vintage,casual,3
t-shirt,skirt,blazer,streetwear,casual,casual,3
shirt,none,jacket,sporty,formal,formal,3
shirt,none,jacket,casual,vintage,formal,3
dress,none,none,casual,vintage,casual,3
t-shirt,jogger,none,formal,streetwear,formal,3
t-shirt,jogger,blazer,vintage,formal,casual,3
shirt,cargo,hoodie,casual,vintage,casual,3
t-shirt,jogger,sweater,formal,streetwear,streetwear,3
t-shirt,jogger,hoodie,streetwear,vintage,formal,3
t-shirt,legging,jacket,formal,vintage,casual,3
t-shirt,shorts,blazer,vintage,formal,casual,3
shirt,trousers,hoodie,casual,sporty,sporty,3
shirt,cargo,none,vintage,formal,vintage,3
t-shirt,trousers,coat,casual,streetwear,casual,3
t-shirt,skirt,blazer,vintage,streetwear,casual,3
t-shirt,legging,blazer,vintage,sporty,vintage,3
t-shirt,jogger,blazer,formal,formal,vintage,3
t-shirt,none,none,formal,streetwear,streetwear,3
t-shirt,cargo,blazer,sporty,casual,casual,3
t-shirt,skirt,jacket,formal,vintage,formal,3
shirt,jogger,blazer,sporty,formal,casual,3
shirt,shorts,sweater,vintage,formal,streetwear,3
shirt,shorts,coat,sporty,vintage,casual,3
t-shirt,jogger,hoodie,sporty,casual,streetwear,3
t-shirt,skirt,jacket,formal,vintage,vintage,3
shirt,shorts,coat,streetwear,sporty,vintage,3
shirt,shorts,jacket,formal,streetwear,formal,3
shirt,cargo,hoodie,sporty,sporty,streetwear,3
shirt,skirt,none,vintage,streetwear,sporty,3
t-shirt,shorts,blazer,vintage,vintage,casual,3
t-shirt,none,sweater,sporty,sporty,casual,3
t-shirt,none,none,formal,sporty,formal,3
shirt,jogger,sweater,vintage,vintage,casual,3
shirt,none,jacket,vintage,vintage,formal,3
shirt,jogger,jacket,streetwear,formal,vintage,3
shirt,skirt,jacket,sporty,sporty,casual,3
shirt,shorts,jacket,streetwear,sporty,streetwear,3
t-shirt,skirt,jacket,streetwear,vintage,casual,3
shirt,jogger,hoodie,vintage,casual,sporty,3
t-shirt,legging,hoodie,sporty,formal,formal,3
t-shirt,skirt,none,sporty,casual,formal,3
t-shirt,trousers,hoodie,vintage,casual,streetwear,3
t-shirt,shorts,none,sporty,casual,sporty,3
shirt,none,sweater,streetwear,formal,sporty,3
shirt,legging,coat,formal,formal,casual,3
shirt,legging,blazer,casual,streetwear,vintage,3
shirt,shorts,jacket,streetwear,sporty,streetwear,3
shirt,cargo,blazer,formal,sporty,vintage,3
t-shirt,skirt,coat,streetwear,casual,casual,3
shirt,none,sweater,sporty,casual,sporty,3
shirt,shorts,coat,sporty,streetwear,formal,3
shirt,cargo,blazer,formal,sporty,vintage,3
shirt,cargo,jacket,vintage,vintage,formal,3
t-shirt,cargo,jacket,vintage,streetwear,formal,3
shirt,legging,hoodie,casual,formal,streetwear,3
shirt,trousers,jacket,formal,sporty,formal,3
shirt,jogger,none,formal,casual,sporty,3
t-shirt,trousers,blazer,formal,casual,casual,3
shirt,cargo,blazer,sporty,casual,formal,3
t-shirt,skirt,jacket,sporty,sporty,vintage,3
shirt,skirt,coat,sporty,formal,formal,3
shirt,cargo,sweater,streetwear,casual,casual,3
t-shirt,jogger,jacket,vintage,formal,vintage,3
shirt,legging,hoodie,sporty,formal,streetwear,3
shirt,shorts,jacket,streetwear,vintage,sporty,3
t-shirt,trousers,blazer,formal,sporty,formal,3
t-shirt,trousers,hoodie,streetwear,vintage,vintage,3
t-shirt,shorts,none,formal,vintage,sporty,3
t-shirt,trousers,jacket,sporty,casual,formal,3
t-shirt,none,sweater,formal,sporty,sporty,3
dress,none,coat,streetwear,casual,casual,3
shirt,jogger,none,casual,formal,formal,3
shirt,shorts,jacket,vintage,streetwear,vintage,3
t-shirt,none,hoodie,casual,sporty,formal,3
shirt,trousers,coat,vintage,formal,formal,3
t-shirt,legging,jacket,sporty,vintage,vintage,3
t-shirt,jogger,hoodie,streetwear,formal,formal,3
shirt,trousers,sweater,casual,streetwear,sporty,3
shirt,skirt,jacket,formal,formal,sporty,3
shirt,legging,blazer,streetwear,streetwear,casual,3
dress,none,jacket,formal,sporty,formal,3
dress,none,coat,formal,vintage,formal,3
shirt,none,sweater,formal,casual,vintage,3
shirt,legging,hoodie,casual,vintage,sporty,3
t-shirt,cargo,jacket,sporty,vintage,vintage,3
dress,none,blazer,casual,sporty,casual,3
t-shirt,skirt,blazer,casual,formal,vintage,3
shirt,trousers,none,vintage,casual,streetwear,3
shirt,none,none,sporty,vintage,sporty,3
t-shirt,skirt,hoodie,streetwear,streetwear,casual,3
t-shirt,trousers,sweater,sporty,sporty,streetwear,3
t-shirt,shorts,coat,vintage,formal,formal,3
shirt,skirt,none,streetwear,vintage,streetwear,3
t-shirt,cargo,blazer,formal,sporty,vintage,3
shirt,trousers,sweater,streetwear,sporty,vintage,3
t-shirt,skirt,hoodie,formal,casual,formal,3
shirt,none,none,vintage,casual,streetwear,3
t-shirt,shorts,blazer,formal,formal,formal,3
t-shirt,legging,sweater,formal,formal,streetwear,3
shirt,cargo,none,vintage,streetwear,casual,3
shirt,shorts,sweater,sporty,streetwear,formal,3
shirt,shorts,blazer,formal,sporty,formal,3
shirt,shorts,blazer,vintage,casual,casual,3
dress,none,none,vintage,streetwear,casual,3
t-shirt,none,jacket,sporty,streetwear,formal,3
t-shirt,legging,jacket,formal,vintage,sporty,3
dress,none,coat,formal,casual,vintage,3
shirt,shorts,coat,formal,streetwear,formal,3
t-shirt,trousers,blazer,sporty,sporty,formal,3
t-shirt,shorts,coat,casual,formal,casual,3
shirt,legging,jacket,vintage,streetwear,sporty,3
t-shirt,skirt,none,sporty,vintage,sporty,3
shirt,trousers,blazer,casual,streetwear,vintage,3
dress,none,jacket,formal,vintage,vintage,3
t-shirt,skirt,sweater,streetwear,sporty,streetwear,3
shirt,shorts,coat,vintage,casual,casual,3
t-shirt,cargo,hoodie,casual,casual,streetwear,3
t-shirt,legging,sweater,vintage,sporty,casual,3
shirt,none,sweater,casual,casual,formal,3
shirt,skirt,jacket,vintage,casual,streetwear,3
shirt,trousers,coat,formal,casual,vintage,3
t-shirt,none,sweater,vintage,vintage,streetwear,3
t-shirt,trousers,jacket,casual,sporty,casual,3
shirt,cargo,hoodie,sporty,streetwear,vintage,3
t-shirt,jogger,none,casual,formal,sporty,3
t-shirt,trousers,sweater,casual,sporty,formal,3
shirt,legging,sweater,streetwear,vintage,vintage,3
shirt,cargo,sweater,streetwear,vintage,sporty,3
shirt,cargo,coat,streetwear,casual,formal,3
shirt,shorts,hoodie,sporty,casual,casual,3
t-shirt,cargo,none,vintage,casual,sporty,3
t-shirt,legging,coat,sporty,sporty,formal,3
t-shirt,none,jacket,streetwear,formal,vintage,3
t-shirt,legging,none,formal,vintage,formal,4
shirt,legging,blazer,casual,vintage,vintage,4
dress,none,blazer,vintage,formal,formal,4
t-shirt,jogger,hoodie,sporty,streetwear,streetwear,4
t-shirt,skirt,hoodie,streetwear,sporty,streetwear,4
shirt,legging,hoodie,vintage,sporty,vintage,4
dress,none,sweater,vintage,formal,vintage,4
shirt,legging,sweater,sporty,sporty,streetwear,4
shirt,none,hoodie,formal,sporty,sporty,4
t-shirt,skirt,sweater,formal,vintage,vintage,4
t-shirt,shorts,jacket,formal,vintage,formal,4
shirt,trousers,jacket,streetwear,vintage,streetwear,4
t-shirt,cargo,hoodie,formal,sporty,sporty,4
shirt,trousers,blazer,sporty,casual,casual,4
shirt,shorts,sweater,casual,formal,formal,4
t-shirt,none,jacket,sporty,sporty,formal,4
t-shirt,jogger,coat,streetwear,streetwear,formal,4
shirt,legging,jacket,casual,formal,formal,4
shirt,shorts,none,formal,formal,streetwear,4
t-shirt,trousers,coat,streetwear,casual,casual,4
t-shirt,none,hoodie,vintage,vintage,casual,4
shirt,cargo,hoodie,casual,formal,formal,4
shirt,skirt,none,casual,formal,formal,4
shirt,none,hoodie,sporty,streetwear,sporty,4
shirt,jogger,hoodie,vintage,sporty,sporty,4
t-shirt,trousers,hoodie,casual,vintage,vintage,4
dress,none,sweater,casual,streetwear,streetwear,4
shirt,skirt,coat,vintage,casual,vintage,4
t-shirt,jogger,hoodie,streetwear,casual,streetwear,4
shirt,cargo,jacket,sporty,vintage,vintage,4
dress,none,hoodie,sporty,vintage,vintage,4
shirt,shorts,hoodie,sporty,vintage,vintage,4
t-shirt,shorts,blazer,streetwear,casual,casual,4
t-shirt,trousers,sweater,casual,formal,casual,4
shirt,shorts,coat,formal,vintage,formal,4
t-shirt,shorts,jacket,formal,vintage,vintage,4
shirt,legging,jacket,vintage,vintage,formal,4
shirt,trousers,coat,formal,casual,formal,4
t-shirt,legging,jacket,vintage,formal,vintage,4
dress,none,jacket,sporty,casual,casual,4
shirt,cargo,blazer,sporty,casual,casual,4
t-shirt,shorts,jacket,formal,sporty,sporty,4
t-shirt,skirt,jacket,streetwear,streetwear,casual,4
shirt,trousers,coat,vintage,streetwear,vintage,4
shirt,trousers,blazer,casual,formal,formal,4
shirt,skirt,jacket,casual,sporty,casual,4
shirt,legging,blazer,casual,streetwear,casual,4
shirt,cargo,coat,formal,casual,formal,4
t-shirt,jogger,sweater,formal,formal,formal,4
t-shirt,cargo,coat,casual,casual,casual,4
t-shirt,jogger,sweater,streetwear,streetwear,formal,4
t-shirt,cargo,hoodie,streetwear,casual,streetwear,4
shirt,jogger,sweater,streetwear,streetwear,streetwear,4
t-shirt,shorts,none,casual,sporty,casual,4
shirt,shorts,sweater,streetwear,streetwear,casual,4
t-shirt,legging,none,formal,sporty,formal,4
t-shirt,skirt,jacket,sporty,streetwear,sporty,4
shirt,trousers,none,sporty,streetwear,streetwear,4
shirt,legging,jacket,casual,streetwear,casual,4
shirt,none,hoodie,vintage,casual,casual,4
t-shirt,legging,hoodie,vintage,streetwear,streetwear,4
t-shirt,legging,coat,sporty,sporty,casual,4
dress,none,blazer,streetwear,vintage,vintage,4
shirt,none,jacket,streetwear,formal,formal,4
t-shirt,shorts,none,formal,casual,formal,4
shirt,cargo,hoodie,vintage,streetwear,vintage,4
t-shirt,trousers,none,casual,formal,formal,4
t-shirt,cargo,sweater,sporty,casual,sporty,4
shirt,skirt,jacket,formal,sporty,sporty,4
t-shirt,legging,coat,sporty,vintage,vintage,4
t-shirt,trousers,coat,formal,formal,formal,4
t-shirt,trousers,none,vintage,casual,casual,4
t-shirt,skirt,jacket,streetwear,formal,formal,4
dress,none,hoodie,sporty,vintage,vintage,4
shirt,none,sweater,formal,formal,streetwear,4
t-shirt,jogger,jacket,vintage,sporty,sporty,4
dress,none,sweater,streetwear,vintage,vintage,4
shirt,shorts,none,sporty,sporty,sporty,4
shirt,skirt,none,casual,sporty,sporty,4
shirt,cargo,coat,streetwear,casual,casual,4
t-shirt,trousers,hoodie,streetwear,casual,streetwear,4
t-shirt,cargo,sweater,streetwear,streetwear,streetwear,4
t-shirt,trousers,hoodie,formal,streetwear,formal,4
shirt,cargo,blazer,casual,vintage,casual,4
t-shirt,legging,sweater,formal,casual,casual,4
t-shirt,jogger,blazer,casual,sporty,casual,4
shirt,trousers,hoodie,streetwear,casual,casual,4
t-shirt,cargo,hoodie,sporty,casual,casual,4
shirt,skirt,blazer,vintage,streetwear,vintage,4
shirt,none,sweater,sporty,vintage,vintage,4
shirt,jogger,none,sporty,formal,formal,4
t-shirt,skirt,hoodie,sporty,formal,formal,4
shirt,skirt,coat,casual,vintage,casual,4
t-shirt,cargo,none,streetwear,sporty,sporty,4
shirt,cargo,coat,sporty,sporty,vintage,4
t-shirt,skirt,sweater,formal,vintage,vintage,4
shirt,trousers,none,streetwear,casual,casual,4
t-shirt,legging,hoodie,vintage,vintage,formal,4
t-shirt,shorts,jacket,sporty,sporty,streetwear,4
shirt,skirt,none,sporty,streetwear,sporty,4
t-shirt,cargo,sweater,sporty,streetwear,sporty,4
t-shirt,legging,jacket,casual,formal,casual,4
t-shirt,trousers,coat,casual,vintage,vintage,4
shirt,trousers,blazer,streetwear,vintage,vintage,4
shirt,cargo,hoodie,casual,casual,casual,4
t-shirt,cargo,jacket,vintage,vintage,vintage,4
shirt,trousers,none,streetwear,casual,casual,4
shirt,trousers,jacket,streetwear,streetwear,streetwear,4
shirt,trousers,none,sporty,formal,formal,4
t-shirt,legging,hoodie,sporty,casual,casual,4
t-shirt,cargo,coat,vintage,formal,vintage,4
t-shirt,cargo,hoodie,vintage,vintage,vintage,4
t-shirt,shorts,coat,formal,casual,casual,4
shirt,legging,jacket,vintage,vintage,streetwear,4
t-shirt,shorts,hoodie,sporty,sporty,sporty,4
t-shirt,jogger,sweater,sporty,casual,sporty,4
t-shirt,legging,blazer,formal,vintage,vintage,4
shirt,shorts,jacket,vintage,streetwear,vintage,4
t-shirt,trousers,jacket,formal,casual,formal,4
t-shirt,shorts,jacket,casual,streetwear,casual,4
t-shirt,cargo,sweater,streetwear,streetwear,streetwear,4
t-shirt,legging,none,sporty,streetwear,sporty,4
t-shirt,none,coat,vintage,streetwear,vintage,4
shirt,cargo,hoodie,casual,streetwear,casual,4
shirt,shorts,hoodie,casual,streetwear,casual,4
shirt,skirt,jacket,sporty,sporty,streetwear,4
t-shirt,trousers,coat,sporty,formal,formal,4
shirt,cargo,sweater,casual,formal,formal,4
shirt,cargo,blazer,casual,formal,casual,4
shirt,legging,sweater,casual,streetwear,casual,4
shirt,shorts,none,formal,formal,vintage,4
t-shirt,legging,sweater,casual,formal,formal,4
t-shirt,trousers,hoodie,streetwear,formal,formal,4
shirt,jogger,none,streetwear,streetwear,streetwear,4
shirt,skirt,hoodie,sporty,streetwear,sporty,4
shirt,legging,sweater,vintage,casual,vintage,4
t-shirt,legging,sweater,vintage,streetwear,vintage,4
t-shirt,cargo,coat,vintage,vintage,vintage,4
shirt,none,jacket,sporty,sporty,casual,4
shirt,skirt,jacket,vintage,streetwear,streetwear,4
shirt,trousers,none,sporty,casual,sporty,4
shirt,trousers,coat,formal,vintage,vintage,4
t-shirt,none,sweater,casual,casual,sporty,4
t-shirt,none,hoodie,streetwear,streetwear,streetwear,4
dress,none,none,sporty,sporty,vintage,4
t-shirt,cargo,jacket,vintage,casual,casual,4
t-shirt,jogger,sweater,sporty,formal,sporty,4
shirt,none,coat,vintage,casual,vintage,4
t-shirt,legging,hoodie,formal,streetwear,formal,4
t-shirt,skirt,hoodie,streetwear,casual,streetwear,4
shirt,legging,coat,casual,casual,casual,4
dress,none,none,casual,vintage,casual,4
t-shirt,cargo,hoodie,casual,streetwear,casual,4
shirt,trousers,blazer,formal,vintage,vintage,4
t-shirt,cargo,hoodie,streetwear,formal,streetwear,4
t-shirt,trousers,none,sporty,streetwear,sporty,4
shirt,legging,coat,streetwear,streetwear,vintage,4
shirt,none,coat,vintage,vintage,casual,4
t-shirt,cargo,none,vintage,sporty,vintage,4
t-shirt,legging,jacket,sporty,vintage,vintage,4
shirt,none,sweater,casual,formal,casual,4
t-shirt,shorts,coat,vintage,streetwear,vintage,4
t-shirt,shorts,hoodie,vintage,vintage,casual,4
t-shirt,trousers,sweater,streetwear,sporty,streetwear,4
t-shirt,jogger,sweater,vintage,vintage,casual,4
shirt,legging,hoodie,sporty,streetwear,sporty,4
shirt,legging,blazer,casual,casual,vintage,4
t-shirt,skirt,coat,vintage,casual,vintage,4
shirt,shorts,coat,formal,casual,casual,4
shirt,shorts,none,casual,streetwear,casual,4
t-shirt,jogger,jacket,formal,formal,vintage,4
t-shirt,shorts,hoodie,streetwear,sporty,streetwear,4
t-shirt,legging,jacket,vintage,sporty,vintage,4
shirt,skirt,none,sporty,streetwear,sporty,4
shirt,trousers,blazer,sporty,sporty,formal,4
dress,none,hoodie,formal,formal,vintage,4
shirt,cargo,sweater,streetwear,vintage,vintage,4
shirt,legging,hoodie,streetwear,vintage,streetwear,4
t-shirt,none,blazer,vintage,casual,casual,4
t-shirt,trousers,none,formal,casual,casual,4
t-shirt,cargo,none,casual,casual,formal,4
shirt,skirt,sweater,sporty,streetwear,sporty,4
shirt,skirt,hoodie,casual,streetwear,streetwear,4
shirt,skirt,blazer,sporty,sporty,formal,4
shirt,jogger,blazer,vintage,streetwear,vintage,4
t-shirt,skirt,jacket,streetwear,sporty,sporty,4
t-shirt,trousers,jacket,casual,vintage,vintage,4
t-shirt,cargo,hoodie,formal,vintage,vintage,4
shirt,legging,hoodie,formal,formal,formal,4
shirt,legging,jacket,sporty,casual,casual,4
t-shirt,none,none,vintage,casual,vintage,4
shirt,trousers,jacket,casual,formal,formal,4
shirt,legging,jacket,sporty,formal,sporty,4
shirt,jogger,sweater,sporty,sporty,casual,4
t-shirt,cargo,hoodie,vintage,vintage,vintage,4
shirt,trousers,hoodie,casual,sporty,sporty,4
t-shirt,legging,coat,vintage,vintage,casual,4
t-shirt,trousers,sweater,sporty,sporty,casual,4
shirt,cargo,jacket,casual,formal,formal,4
shirt,cargo,jacket,streetwear,casual,casual,4
t-shirt,cargo,hoodie,formal,formal,vintage,4
t-shirt,shorts,hoodie,vintage,formal,vintage,4
shirt,cargo,coat,formal,formal,formal,4
t-shirt,none,none,streetwear,formal,streetwear,4
shirt,trousers,none,streetwear,sporty,streetwear,4
shirt,skirt,none,streetwear,casual,casual,4
dress,none,hoodie,sporty,formal,formal,4
t-shirt,skirt,none,vintage,streetwear,vintage,4
shirt,trousers,sweater,sporty,streetwear,streetwear,4
shirt,cargo,sweater,streetwear,casual,casual,4
shirt,skirt,sweater,casual,casual,formal,4
shirt,trousers,sweater,streetwear,casual,streetwear,4
shirt,legging,none,formal,sporty,sporty,4
t-shirt,jogger,blazer,casual,casual,vintage,4
t-shirt,trousers,none,sporty,streetwear,sporty,4
shirt,skirt,hoodie,streetwear,vintage,vintage,4
t-shirt,legging,hoodie,streetwear,streetwear,streetwear,4
t-shirt,legging,jacket,sporty,sporty,formal,4
t-shirt,skirt,jacket,streetwear,streetwear,sporty,4
t-shirt,none,none,casual,formal,formal,4
shirt,none,blazer,formal,streetwear,formal,4
t-shirt,shorts,coat,casual,sporty,casual,4
t-shirt,skirt,hoodie,casual,vintage,casual,4
t-shirt,none,coat,formal,vintage,formal,4
t-shirt,skirt,jacket,casual,casual,sporty,4
t-shirt,shorts,jacket,streetwear,casual,casual,4
t-shirt,cargo,none,streetwear,vintage,streetwear,4
t-shirt,shorts,sweater,formal,formal,formal,4
shirt,jogger,none,sporty,casual,sporty,4
dress,none,jacket,sporty,sporty,formal,4
shirt,jogger,hoodie,casual,casual,casual,4
t-shirt,none,jacket,vintage,sporty,sporty,4
t-shirt,none,coat,casual,formal,formal,4
dress,none,hoodie,streetwear,streetwear,streetwear,4
shirt,skirt,sweater,formal,formal,vintage,4
shirt,skirt,jacket,vintage,vintage,streetwear,4
shirt,cargo,blazer,sporty,sporty,casual,4
shirt,none,jacket,formal,formal,casual,4
shirt,legging,jacket,streetwear,sporty,streetwear,4
shirt,none,jacket,formal,vintage,formal,4
shirt,trousers,none,sporty,sporty,sporty,4
t-shirt,none,jacket,formal,casual,formal,4
t-shirt,jogger,jacket,vintage,formal,vintage,4
t-shirt,trousers,hoodie,vintage,streetwear,vintage,4
shirt,cargo,none,casual,formal,formal,4
shirt,jogger,jacket,formal,streetwear,streetwear,4
t-shirt,none,jacket,streetwear,formal,formal,4
shirt,none,sweater,vintage,formal,formal,4
t-shirt,jogger,jacket,formal,casual,casual,4
shirt,none,blazer,vintage,casual,vintage,4
shirt,jogger,jacket,sporty,sporty,casual,4
shirt,skirt,hoodie,streetwear,streetwear,streetwear,4
t-shirt,skirt,jacket,vintage,vintage,casual,4
shirt,skirt,hoodie,streetwear,sporty,sporty,4
t-shirt,shorts,none,casual,vintage,casual,4
t-shirt,jogger,jacket,sporty,streetwear,sporty,4
t-shirt,skirt,blazer,sporty,sporty,vintage,4
t-shirt,jogger,blazer,vintage,streetwear,vintage,4
shirt,legging,sweater,streetwear,formal,streetwear,4
shirt,jogger,blazer,vintage,sporty,vintage,4
t-shirt,none,blazer,streetwear,casual,casual,4
t-shirt,shorts,none,casual,formal,formal,4
t-shirt,jogger,none,formal,formal,sporty,4
shirt,shorts,hoodie,vintage,formal,vintage,4
shirt,none,jacket,vintage,sporty,vintage,4
t-shirt,none,sweater,streetwear,sporty,streetwear,4
t-shirt,cargo,none,formal,sporty,formal,4
shirt,none,none,streetwear,formal,formal,4
t-shirt,none,sweater,casual,streetwear,casual,4
t-shirt,shorts,none,formal,casual,formal,4
shirt,shorts,jacket,formal,formal,formal,4
shirt,skirt,sweater,streetwear,casual,casual,4
t-shirt,shorts,jacket,vintage,casual,casual,4
t-shirt,trousers,sweater,sporty,vintage,sporty,4
dress,none,sweater,sporty,formal,formal,4
t-shirt,jogger,hoodie,sporty,vintage,sporty,4
shirt,cargo,hoodie,streetwear,formal,streetwear,4
t-shirt,none,jacket,formal,casual,casual,4
shirt,legging,hoodie,sporty,sporty,streetwear,4
t-shirt,cargo,hoodie,casual,streetwear,streetwear,4
shirt,skirt,none,vintage,streetwear,streetwear,4
shirt,legging,sweater,sporty,sporty,streetwear,4
shirt,jogger,sweater,streetwear,vintage,streetwear,4
t-shirt,shorts,jacket,streetwear,streetwear,vintage,4
shirt,trousers,hoodie,sporty,casual,sporty,4
t-shirt,none,sweater,vintage,casual,casual,4
t-shirt,none,none,sporty,streetwear,streetwear,4
shirt,none,hoodie,vintage,vintage,sporty,4
shirt,cargo,sweater,streetwear,casual,streetwear,4
shirt,legging,none,sporty,sporty,sporty,4
t-shirt,none,none,sporty,streetwear,sporty,4
t-shirt,cargo,none,streetwear,sporty,sporty,4
t-shirt,skirt,hoodie,sporty,formal,formal,4
shirt,none,none,vintage,streetwear,vintage,4
t-shirt,none,sweater,formal,vintage,vintage,4
t-shirt,jogger,hoodie,sporty,sporty,sporty,4
t-shirt,legging,jacket,formal,casual,casual,4
t-shirt,none,sweater,vintage,vintage,casual,4
t-shirt,legging,coat,casual,casual,casual,4
shirt,legging,none,sporty,streetwear,streetwear,4
t-shirt,cargo,none,casual,vintage,casual,4
shirt,legging,jacket,sporty,sporty,formal,4
t-shirt,cargo,sweater,vintage,streetwear,vintage,4
shirt,trousers,hoodie,formal,vintage,formal,4
t-shirt,cargo,sweater,formal,formal,casual,4
shirt,shorts,hoodie,casual,casual,sporty,4
shirt,legging,sweater,vintage,sporty,sporty,4
t-shirt,skirt,none,sporty,sporty,streetwear,4
shirt,legging,jacket,streetwear,streetwear,sporty,4
t-shirt,trousers,sweater,sporty,streetwear,sporty,4
t-shirt,none,none,streetwear,casual,streetwear,4
t-shirt,trousers,jacket,casual,streetwear,casual,4
t-shirt,none,coat,sporty,casual,casual,4
shirt,jogger,blazer,sporty,sporty,formal,4
shirt,jogger,jacket,streetwear,formal,formal,4
shirt,none,hoodie,vintage,streetwear,vintage,4
t-shirt,shorts,hoodie,sporty,sporty,casual,4
t-shirt,skirt,hoodie,sporty,casual,casual,4
t-shirt,trousers,jacket,streetwear,streetwear,casual,4
t-shirt,jogger,coat,casual,vintage,casual,4
shirt,legging,hoodie,vintage,vintage,casual,4
t-shirt,skirt,none,sporty,casual,sporty,4
shirt,none,coat,vintage,vintage,formal,4
t-shirt,shorts,sweater,vintage,streetwear,streetwear,4
t-shirt,legging,hoodie,formal,formal,formal,4
shirt,cargo,sweater,sporty,formal,sporty,4
dress,none,none,formal,formal,sporty,4
shirt,skirt,coat,streetwear,formal,formal,4
t-shirt,cargo,hoodie,sporty,streetwear,streetwear,4
t-shirt,none,coat,casual,casual,formal,4
shirt,skirt,jacket,streetwear,vintage,vintage,4
dress,none,jacket,formal,formal,vintage,4
t-shirt,legging,coat,vintage,vintage,casual,4
shirt,legging,none,casual,formal,formal,4
dress,none,hoodie,vintage,vintage,casual,4
shirt,none,none,streetwear,sporty,sporty,4
t-shirt,cargo,none,sporty,vintage,vintage,4
t-shirt,trousers,sweater,streetwear,streetwear,casual,4
shirt,none,blazer,vintage,casual,casual,4
shirt,jogger,blazer,streetwear,vintage,vintage,4
shirt,legging,sweater,sporty,formal,formal,4
shirt,cargo,jacket,formal,formal,formal,4
t-shirt,trousers,hoodie,vintage,vintage,casual,4
t-shirt,none,jacket,streetwear,streetwear,casual,4
t-shirt,trousers,coat,sporty,sporty,casual,4
t-shirt,skirt,sweater,sporty,vintage,sporty,4
shirt,cargo,coat,vintage,casual,casual,4
shirt,cargo,blazer,streetwear,formal,formal,4
dress,none,hoodie,casual,casual,formal,4
t-shirt,trousers,coat,formal,casual,casual,4
t-shirt,cargo,hoodie,sporty,formal,sporty,4
t-shirt,none,hoodie,casual,casual,streetwear,4
shirt,cargo,sweater,streetwear,sporty,sporty,4
t-shirt,shorts,hoodie,casual,formal,formal,4
dress,none,none,streetwear,casual,casual,4
shirt,cargo,sweater,vintage,formal,vintage,4
t-shirt,shorts,jacket,streetwear,streetwear,streetwear,4
t-shirt,skirt,hoodie,sporty,formal,sporty,4
dress,none,jacket,streetwear,streetwear,formal,4
t-shirt,trousers,coat,vintage,streetwear,vintage,4
shirt,trousers,hoodie,vintage,streetwear,streetwear,4
shirt,skirt,jacket,formal,streetwear,formal,4
shirt,skirt,none,formal,formal,formal,4
shirt,skirt,blazer,formal,vintage,formal,4
t-shirt,none,coat,streetwear,streetwear,formal,4
t-shirt,cargo,sweater,vintage,formal,vintage,4
shirt,shorts,blazer,vintage,casual,vintage,4
shirt,none,sweater,streetwear,casual,casual,4
shirt,shorts,none,streetwear,streetwear,sporty,4
shirt,legging,jacket,vintage,vintage,formal,4
shirt,legging,sweater,formal,streetwear,streetwear,4
t-shirt,legging,hoodie,formal,vintage,formal,4
t-shirt,cargo,none,streetwear,sporty,streetwear,4
shirt,skirt,coat,casual,casual,casual,4
shirt,shorts,jacket,formal,sporty,sporty,4
shirt,cargo,jacket,sporty,streetwear,streetwear,4
t-shirt,jogger,none,streetwear,formal,formal,4
dress,none,jacket,sporty,formal,sporty,4
t-shirt,shorts,coat,formal,vintage,formal,4
shirt,none,none,vintage,casual,vintage,4
t-shirt,skirt,none,vintage,vintage,casual,4
t-shirt,skirt,none,streetwear,sporty,streetwear,4
shirt,cargo,none,vintage,sporty,vintage,4
dress,none,coat,formal,sporty,formal,4
shirt,shorts,jacket,formal,streetwear,formal,4
t-shirt,shorts,hoodie,casual,formal,casual,4
t-shirt,legging,coat,casual,sporty,casual,4
dress,none,hoodie,streetwear,casual,streetwear,4
shirt,skirt,hoodie,vintage,sporty,vintage,4
dress,none,coat,vintage,casual,vintage,4
t-shirt,trousers,hoodie,casual,streetwear,streetwear,4
t-shirt,trousers,none,sporty,sporty,sporty,4
shirt,skirt,coat,streetwear,formal,formal,4
shirt,trousers,coat,vintage,casual,casual,4
shirt,jogger,sweater,streetwear,casual,casual,4
t-shirt,trousers,hoodie,casual,casual,sporty,4
t-shirt,jogger,sweater,sporty,sporty,casual,4
t-shirt,trousers,coat,formal,sporty,formal,4
t-shirt,shorts,jacket,casual,sporty,casual,4
t-shirt,cargo,jacket,formal,vintage,formal,4
dress,none,sweater,casual,casual,casual,5
t-shirt,none,sweater,vintage,vintage,vintage,5
t-shirt,cargo,none,sporty,sporty,sporty,5
shirt,none,none,casual,casual,casual,5
t-shirt,none,jacket,casual,casual,casual,5
t-shirt,legging,jacket,vintage,vintage,vintage,5
shirt,legging,hoodie,vintage,vintage,vintage,5
t-shirt,skirt,none,streetwear,streetwear,streetwear,5
shirt,cargo,coat,casual,casual,casual,5
t-shirt,trousers,sweater,formal,formal,formal,5
shirt,legging,hoodie,sporty,sporty,sporty,5
t-shirt,legging,jacket,streetwear,streetwear,streetwear,5
t-shirt,legging,coat,casual,casual,casual,5
t-shirt,jogger,none,sporty,sporty,sporty,5
shirt,trousers,coat,vintage,vintage,vintage,5
t-shirt,cargo,blazer,vintage,vintage,vintage,5
t-shirt,jogger,jacket,vintage,vintage,vintage,5
dress,none,sweater,vintage,vintage,vintage,5
t-shirt,trousers,hoodie,casual,casual,casual,5
shirt,shorts,blazer,casual,casual,casual,5
shirt,skirt,jacket,sporty,sporty,sporty,5
dress,none,jacket,vintage,vintage,vintage,5
t-shirt,none,hoodie,vintage,vintage,vintage,5
t-shirt,jogger,sweater,vintage,vintage,vintage,5
shirt,shorts,blazer,formal,formal,formal,5
shirt,none,coat,vintage,vintage,vintage,5
t-shirt,none,jacket,vintage,vintage,vintage,5
t-shirt,jogger,hoodie,formal,formal,formal,5
t-shirt,legging,sweater,formal,formal,formal,5
shirt,jogger,blazer,vintage,vintage,vintage,5
dress,none,none,sporty,sporty,sporty,5
shirt,skirt,blazer,formal,formal,formal,5
shirt,trousers,blazer,formal,formal,formal,5
t-shirt,shorts,jacket,streetwear,streetwear,streetwear,5
shirt,cargo,none,formal,formal,formal,5
t-shirt,cargo,jacket,casual,casual,casual,5
shirt,legging,sweater,sporty,sporty,sporty,5
shirt,skirt,none,streetwear,streetwear,streetwear,5
t-shirt,legging,jacket,sporty,sporty,sporty,5
t-shirt,cargo,hoodie,streetwear,streetwear,streetwear,5
t-shirt,jogger,none,formal,formal,formal,5
shirt,trousers,jacket,casual,casual,casual,5
t-shirt,trousers,hoodie,vintage,vintage,vintage,5
dress,none,hoodie,sporty,sporty,sporty,5
shirt,none,blazer,formal,formal,formal,5
t-shirt,trousers,hoodie,casual,casual,casual,5
t-shirt,none,jacket,sporty,sporty,sporty,5
t-shirt,skirt,sweater,vintage,vintage,vintage,5
t-shirt,none,none,formal,formal,formal,5
t-shirt,cargo,hoodie,formal,formal,formal,5
t-shirt,trousers,blazer,vintage,vintage,vintage,5
t-shirt,shorts,none,casual,casual,casual,5
shirt,skirt,none,formal,formal,formal,5
shirt,legging,jacket,sporty,sporty,sporty,5
shirt,none,none,sporty,sporty,sporty,5
shirt,skirt,sweater,sporty,sporty,sporty,5
t-shirt,skirt,none,vintage,vintage,vintage,5
shirt,trousers,blazer,casual,casual,casual,5
shirt,trousers,hoodie,streetwear,streetwear,streetwear,5
shirt,trousers,coat,formal,formal,formal,5
shirt,jogger,none,streetwear,streetwear,streetwear,5
t-shirt,trousers,hoodie,formal,formal,formal,5
t-shirt,jogger,none,streetwear,streetwear,streetwear,5
shirt,skirt,jacket,casual,casual,casual,5
t-shirt,cargo,none,streetwear,streetwear,streetwear,5
shirt,shorts,jacket,formal,formal,formal,5
shirt,trousers,sweater,formal,formal,formal,5
t-shirt,trousers,none,casual,casual,casual,5
shirt,shorts,blazer,formal,formal,formal,5
t-shirt,legging,coat,casual,casual,casual,5
shirt,jogger,coat,casual,casual,casual,5
shirt,shorts,sweater,casual,casual,casual,5
shirt,jogger,none,streetwear,streetwear,streetwear,5
t-shirt,skirt,none,vintage,vintage,vintage,5
t-shirt,trousers,coat,casual,casual,casual,5
dress,none,blazer,formal,formal,formal,5
t-shirt,trousers,sweater,sporty,sporty,sporty,5
t-shirt,jogger,none,vintage,vintage,vintage,5
shirt,none,sweater,sporty,sporty,sporty,5
shirt,legging,none,vintage,vintage,vintage,5
shirt,shorts,sweater,sporty,sporty,sporty,5
shirt,none,none,formal,formal,formal,5
shirt,skirt,hoodie,formal,formal,formal,5
t-shirt,skirt,coat,vintage,vintage,vintage,5
shirt,skirt,none,vintage,vintage,vintage,5
shirt,jogger,sweater,vintage,vintage,vintage,5
shirt,jogger,sweater,formal,formal,formal,5
dress,none,jacket,sporty,sporty,sporty,5
shirt,cargo,jacket,sporty,sporty,sporty,5
shirt,skirt,blazer,formal,formal,formal,5
t-shirt,legging,jacket,formal,formal,formal,5
t-shirt,legging,hoodie,streetwear,streetwear,streetwear,5
shirt,none,sweater,formal,formal,formal,5
shirt,skirt,none,formal,formal,formal,5
shirt,trousers,blazer,formal,formal,formal,5
t-shirt,trousers,blazer,vintage,vintage,vintage,5
dress,none,jacket,formal,formal,formal,5
t-shirt,none,none,vintage,vintage,vintage,5
shirt,skirt,coat,vintage,vintage,vintage,5
shirt,none,sweater,casual,casual,casual,5
shirt,skirt,blazer,casual,casual,casual,5
shirt,trousers,none,sporty,sporty,sporty,5
dress,none,none,streetwear,streetwear,streetwear,5
shirt,cargo,hoodie,formal,formal,formal,5
dress,none,jacket,sporty,sporty,sporty,5
shirt,none,blazer,formal,formal,formal,5
t-shirt,trousers,jacket,streetwear,streetwear,streetwear,5
shirt,none,coat,vintage,vintage,vintage,5
dress,none,none,casual,casual,casual,5
t-shirt,skirt,hoodie,formal,formal,formal,5
shirt,jogger,sweater,streetwear,streetwear,streetwear,5
t-shirt,none,hoodie,casual,casual,casual,5
t-shirt,shorts,none,vintage,vintage,vintage,5
t-shirt,legging,none,casual,casual,casual,5
t-shirt,none,coat,vintage,vintage,vintage,5
t-shirt,legging,hoodie,formal,formal,formal,5
t-shirt,none,none,sporty,sporty,sporty,5
t-shirt,trousers,sweater,casual,casual,casual,5
shirt,none,sweater,vintage,vintage,vintage,5
t-shirt,none,sweater,casual,casual,casual,5
t-shirt,shorts,sweater,formal,formal,formal,5
t-shirt,cargo,hoodie,vintage,vintage,vintage,5
t-shirt,shorts,none,sporty,sporty,sporty,5
shirt,trousers,none,formal,formal,formal,5
t-shirt,legging,hoodie,vintage,vintage,vintage,5
shirt,none,blazer,casual,casual,casual,5
t-shirt,none,jacket,sporty,sporty,sporty,5
shirt,none,jacket,formal,formal,formal,5
t-shirt,legging,none,formal,formal,formal,5
shirt,trousers,none,sporty,sporty,sporty,5
t-shirt,skirt,blazer,vintage,vintage,vintage,5
t-shirt,cargo,coat,vintage,vintage,vintage,5
t-shirt,none,sweater,formal,formal,formal,5
shirt,none,sweater,sporty,sporty,sporty,5
t-shirt,trousers,none,streetwear,streetwear,streetwear,5
shirt,cargo,hoodie,streetwear,streetwear,streetwear,5
t-shirt,trousers,jacket,vintage,vintage,vintage,5
t-shirt,none,none,casual,casual,casual,5
shirt,none,none,vintage,vintage,vintage,5
dress,none,hoodie,casual,casual,casual,5
shirt,shorts,sweater,formal,formal,formal,5
t-shirt,legging,hoodie,casual,casual,casual,5
shirt,skirt,jacket,streetwear,streetwear,streetwear,5
dress,none,sweater,formal,formal,formal,5
shirt,trousers,sweater,formal,formal,formal,5
dress,none,blazer,vintage,vintage,vintage,5
shirt,cargo,jacket,formal,formal,formal,5
t-shirt,cargo,coat,casual,casual,casual,5
t-shirt,none,none,streetwear,streetwear,streetwear,5
dress,none,jacket,formal,formal,formal,5
t-shirt,trousers,hoodie,casual,casual,casual,5
shirt,none,coat,vintage,vintage,vintage,5
shirt,legging,none,vintage,vintage,vintage,5
t-shirt,legging,none,streetwear,streetwear,streetwear,5
t-shirt,shorts,hoodie,vintage,vintage,vintage,5
shirt,trousers,coat,formal,formal,formal,5
t-shirt,legging,coat,formal,formal,formal,5
t-shirt,none,sweater,formal,formal,formal,5
shirt,trousers,jacket,streetwear,streetwear,streetwear,5
t-shirt,cargo,blazer,casual,casual,casual,5
shirt,legging,coat,casual,casual,casual,5
t-shirt,trousers,coat,vintage,vintage,vintage,5
t-shirt,cargo,coat,casual,casual,casual,5
shirt,jogger,hoodie,formal,formal,formal,5
shirt,jogger,coat,vintage,vintage,vintage,5
shirt,legging,none,sporty,sporty,sporty,5
t-shirt,trousers,none,sporty,sporty,sporty,5
t-shirt,cargo,blazer,casual,casual,casual,5
t-shirt,none,sweater,sporty,sporty,sporty,5
shirt,none,blazer,formal,formal,formal,5
t-shirt,shorts,sweater,formal,formal,formal,5
t-shirt,cargo,coat,formal,formal,formal,5
t-shirt,shorts,jacket,casual,casual,casual,5
t-shirt,trousers,sweater,formal,formal,formal,5
t-shirt,shorts,sweater,sporty,sporty,sporty,5
dress,none,sweater,sporty,sporty,sporty,5
t-shirt,jogger,none,formal,formal,formal,5
shirt,jogger,sweater,casual,casual,casual,5
shirt,none,none,casual,casual,casual,5
t-shirt,none,sweater,streetwear,streetwear,streetwear,5
t-shirt,none,none,streetwear,streetwear,streetwear,5
t-shirt,none,sweater,vintage,vintage,vintage,5
t-shirt,cargo,jacket,formal,formal,formal,5
t-shirt,trousers,jacket,casual,casual,casual,5
shirt,trousers,sweater,sporty,sporty,sporty,5
t-shirt,trousers,coat,formal,formal,formal,5
shirt,trousers,none,casual,casual,casual,5
t-shirt,trousers,none,sporty,sporty,sporty,5
t-shirt,none,hoodie,streetwear,streetwear,streetwear,5
t-shirt,trousers,sweater,vintage,vintage,vintage,5
t-shirt,shorts,none,formal,formal,formal,5
shirt,jogger,jacket,vintage,vintage,vintage,5
t-shirt,shorts,coat,formal,formal,formal,5
shirt,skirt,blazer,casual,casual,casual,5
t-shirt,shorts,blazer,casual,casual,casual,5
t-shirt,jogger,blazer,casual,casual,casual,5
t-shirt,skirt,jacket,sporty,sporty,sporty,5
t-shirt,none,none,casual,casual,casual,5
shirt,shorts,coat,vintage,vintage,vintage,5
shirt,cargo,hoodie,vintage,vintage,vintage,5
dress,none,blazer,casual,casual,casual,5
shirt,skirt,hoodie,casual,casual,casual,5
dress,none,coat,formal,formal,formal,5
shirt,legging,coat,formal,formal,formal,5
t-shirt,shorts,sweater,streetwear,streetwear,streetwear,5
shirt,skirt,hoodie,formal,formal,formal,5
dress,none,none,sporty,sporty,sporty,5
shirt,trousers,none,sporty,sporty,sporty,5
t-shirt,cargo,hoodie,vintage,vintage,vintage,5
shirt,trousers,hoodie,sporty,sporty,sporty,5
t-shirt,cargo,jacket,formal,formal,formal,5
t-shirt,legging,none,streetwear,streetwear,streetwear,5
shirt,shorts,none,sporty,sporty,sporty,5
t-shirt,trousers,coat,formal,formal,formal,5
shirt,none,blazer,formal,formal,formal,5
shirt,skirt,sweater,streetwear,streetwear,streetwear,5
dress,none,blazer,formal,formal,formal,5
shirt,shorts,hoodie,formal,formal,formal,5
shirt,jogger,blazer,formal,formal,formal,5
t-shirt,skirt,none,streetwear,streetwear,streetwear,5
shirt,skirt,jacket,streetwear,streetwear,streetwear,5
dress,none,jacket,streetwear,streetwear,streetwear,5
t-shirt,shorts,none,streetwear,streetwear,streetwear,5
t-shirt,shorts,jacket,streetwear,streetwear,streetwear,5
shirt,trousers,sweater,formal,formal,formal,5
shirt,trousers,none,vintage,vintage,vintage,5
t-shirt,trousers,none,sporty,sporty,sporty,5
t-shirt,shorts,sweater,formal,formal,formal,5
shirt,legging,blazer,casual,casual,casual,5
t-shirt,skirt,sweater,vintage,vintage,vintage,5
shirt,legging,hoodie,formal,formal,formal,5
t-shirt,shorts,sweater,sporty,sporty,sporty,5
t-shirt,skirt,none,casual,casual,casual,5
t-shirt,skirt,none,casual,casual,casual,5
shirt,shorts,blazer,casual,casual,casual,5
shirt,cargo,none,vintage,vintage,vintage,5
shirt,cargo,jacket,streetwear,streetwear,streetwear,5
t-shirt,jogger,sweater,casual,casual,casual,5
t-shirt,skirt,coat,vintage,vintage,vintage,5
t-shirt,skirt,hoodie,vintage,vintage,vintage,5
t-shirt,skirt,coat,casual,casual,casual,5
t-shirt,none,none,vintage,vintage,vintage,5
shirt,none,hoodie,vintage,vintage,vintage,5
t-shirt,skirt,coat,casual,casual,casual,5
t-shirt,none,sweater,formal,formal,formal,5
shirt,cargo,hoodie,vintage,vintage,vintage,5
t-shirt,trousers,blazer,casual,casual,casual,5
shirt,legging,none,casual,casual,casual,5
shirt,skirt,sweater,formal,formal,formal,5
t-shirt,none,sweater,casual,casual,casual,5
shirt,trousers,none,casual,casual,casual,5
shirt,legging,blazer,formal,formal,formal,5
t-shirt,shorts,none,sporty,sporty,sporty,5
t-shirt,trousers,blazer,vintage,vintage,vintage,5
t-shirt,cargo,sweater,sporty,sporty,sporty,5
shirt,jogger,sweater,formal,formal,formal,5
t-shirt,legging,jacket,casual,casual,casual,5
t-shirt,jogger,none,vintage,vintage,vintage,5
t-shirt,shorts,coat,vintage,vintage,vintage,5
dress,none,coat,formal,formal,formal,5
t-shirt,skirt,none,vintage,vintage,vintage,5
t-shirt,skirt,sweater,streetwear,streetwear,streetwear,5
shirt,skirt,sweater,formal,formal,formal,5
t-shirt,legging,jacket,streetwear,streetwear,streetwear,5
t-shirt,cargo,coat,formal,formal,formal,5
t-shirt,jogger,coat,casual,casual,casual,5
shirt,skirt,hoodie,streetwear,streetwear,streetwear,5
shirt,legging,hoodie,casual,casual,casual,5
t-shirt,legging,coat,casual,casual,casual,5
shirt,skirt,none,casual,casual,casual,5
shirt,shorts,hoodie,sporty,sporty,sporty,5
t-shirt,shorts,none,vintage,vintage,vintage,5
shirt,shorts,hoodie,casual,casual,casual,5
shirt,trousers,blazer,casual,casual,casual,5
t-shirt,cargo,sweater,formal,formal,formal,5
shirt,legging,sweater,sporty,sporty,sporty,5
shirt,legging,coat,formal,formal,formal,5
shirt,legging,blazer,vintage,vintage,vintage,5
shirt,jogger,sweater,sporty,sporty,sporty,5
t-shirt,legging,hoodie,vintage,vintage,vintage,5
t-shirt,skirt,sweater,formal,formal,formal,5
t-shirt,trousers,none,vintage,vintage,vintage,5
shirt,skirt,jacket,formal,formal,formal,5
shirt,skirt,hoodie,sporty,sporty,sporty,5
t-shirt,skirt,jacket,streetwear,streetwear,streetwear,5
t-shirt,skirt,none,sporty,sporty,sporty,5
t-shirt,skirt,none,formal,formal,formal,5
shirt,none,jacket,formal,formal,formal,5
shirt,trousers,sweater,casual,casual,casual,5
dress,none,hoodie,vintage,vintage,vintage,5
t-shirt,cargo,jacket,formal,formal,formal,5
shirt,cargo,jacket,vintage,vintage,vintage,5
t-shirt,shorts,jacket,casual,casual,casual,5
shirt,jogger,coat,vintage,vintage,vintage,5
shirt,jogger,sweater,casual,casual,casual,5
t-shirt,cargo,hoodie,sporty,sporty,sporty,5
t-shirt,shorts,jacket,casual,casual,casual,5
shirt,none,jacket,vintage,vintage,vintage,5
t-shirt,jogger,jacket,casual,casual,casual,5
t-shirt,jogger,jacket,sporty,sporty,sporty,5
t-shirt,jogger,jacket,sporty,sporty,sporty,5
dress,none,none,sporty,sporty,sporty,5
shirt,cargo,none,streetwear,streetwear,streetwear,5
t-shirt,jogger,none,streetwear,streetwear,streetwear,5
shirt,skirt,blazer,vintage,vintage,vintage,5
dress,none,sweater,casual,casual,casual,5
t-shirt,legging,sweater,sporty,sporty,sporty,5
t-shirt,skirt,none,formal,formal,formal,5
shirt,none,jacket,casual,casual,casual,5
shirt,none,hoodie,streetwear,streetwear,streetwear,5
shirt,legging,jacket,vintage,vintage,vintage,5
dress,none,none,vintage,vintage,vintage,5
t-shirt,none,none,formal,formal,formal,5
shirt,legging,hoodie,casual,casual,casual,5
t-shirt,jogger,jacket,casual,casual,casual,5
t-shirt,jogger,jacket,streetwear,streetwear,streetwear,5
shirt,jogger,none,casual,casual,casual,5
t-shirt,trousers,none,formal,formal,formal,5
t-shirt,skirt,hoodie,vintage,vintage,vintage,5
dress,none,sweater,formal,formal,formal,5
shirt,skirt,coat,casual,casual,casual,5
dress,none,hoodie,streetwear,streetwear,streetwear,5
t-shirt,jogger,blazer,vintage,vintage,vintage,5
t-shirt,legging,none,vintage,vintage,vintage,5
shirt,legging,sweater,vintage,vintage,vintage,5
t-shirt,trousers,sweater,formal,formal,formal,5
dress,none,hoodie,streetwear,streetwear,streetwear,5
t-shirt,jogger,hoodie,vintage,vintage,vintage,5
t-shirt,cargo,hoodie,vintage,vintage,vintage,5
t-shirt,cargo,none,sporty,sporty,sporty,5
t-shirt,jogger,none,casual,casual,casual,5
shirt,shorts,none,formal,formal,formal,5
t-shirt,legging,hoodie,sporty,sporty,sporty,5
t-shirt,jogger,sweater,formal,formal,formal,5
t-shirt,jogger,jacket,vintage,vintage,vintage,5
t-shirt,cargo,none,casual,casual,casual,5
t-shirt,skirt,jacket,sporty,sporty,sporty,5
t-shirt,skirt,jacket,vintage,vintage,vintage,5
shirt,legging,none,casual,casual,casual,5
t-shirt,shorts,none,vintage,vintage,vintage,5
shirt,jogger,hoodie,streetwear,streetwear,streetwear,5
t-shirt,cargo,hoodie,sporty,sporty,sporty,5
shirt,trousers,hoodie,streetwear,streetwear,streetwear,5
t-shirt,cargo,jacket,sporty,sporty,sporty,5
t-shirt,jogger,sweater,casual,casual,casual,5
t-shirt,skirt,none,sporty,sporty,sporty,5
shirt,cargo,coat,formal,formal,formal,5
shirt,jogger,jacket,streetwear,streetwear,streetwear,5
t-shirt,none,jacket,sporty,sporty,sporty,5
dress,none,jacket,streetwear,streetwear,streetwear,5
t-shirt,trousers,jacket,casual,casual,casual,5
t-shirt,skirt,coat,formal,formal,formal,5
dress,none,hoodie,vintage,vintage,vintage,5
t-shirt,cargo,sweater,sporty,sporty,sporty,5
t-shirt,none,hoodie,vintage,vintage,vintage,5
shirt,none,sweater,casual,casual,casual,5
t-shirt,cargo,sweater,vintage,vintage,vintage,5
dress,none,jacket,casual,casual,casual,5
t-shirt,none,sweater,vintage,vintage,vintage,5
t-shirt,skirt,none,formal,formal,formal,5
shirt,legging,hoodie,sporty,sporty,sporty,5
shirt,jogger,none,casual,casual,casual,5
t-shirt,cargo,jacket,vintage,vintage,vintage,5
shirt,jogger,sweater,formal,formal,formal,5
shirt,legging,jacket,sporty,sporty,sporty,5
shirt,shorts,none,formal,formal,formal,5
shirt,jogger,hoodie,formal,formal,formal,5
t-shirt,jogger,sweater,formal,formal,formal,5
shirt,none,none,streetwear,streetwear,streetwear,5
t-shirt,none,coat,casual,casual,casual,5
t-shirt,shorts,none,casual,casual,casual,5
shirt,shorts,hoodie,vintage,vintage,vintage,5
shirt,cargo,jacket,casual,casual,casual,5
t-shirt,shorts,sweater,casual,casual,casual,5
t-shirt,cargo,none,sporty,sporty,sporty,5
dress,none,sweater,formal,formal,formal,5
shirt,shorts,coat,casual,casual,casual,5
t-shirt,none,hoodie,sporty,sporty,sporty,5
dress,none,none,casual,casual,casual,5
t-shirt,skirt,jacket,streetwear,streetwear,streetwear,5
shirt,skirt,none,streetwear,streetwear,streetwear,5
t-shirt,none,hoodie,sporty,sporty,sporty,5
shirt,none,hoodie,sporty,sporty,sporty,5
shirt,jogger,none,streetwear,streetwear,streetwear,5
t-shirt,shorts,sweater,sporty,sporty,sporty,5
shirt,legging,hoodie,formal,formal,formal,5
t-shirt,legging,jacket,casual,casual,casual,5
t-shirt,trousers,sweater,casual,casual,casual,5
t-shirt,legging,hoodie,casual,casual,casual,5
shirt,trousers,none,formal,formal,formal,5
t-shirt,none,hoodie,vintage,vintage,vintage,5
t-shirt,shorts,hoodie,formal,formal,formal,5
t-shirt,jogger,jacket,casual,casual,casual,5
t-shirt,cargo,hoodie,casual,casual,casual,5
t-shirt,trousers,sweater,sporty,sporty,sporty,5
shirt,none,blazer,formal,formal,formal,5
shirt,none,none,vintage,vintage,vintage,5
shirt,shorts,blazer,formal,formal,formal,5
t-shirt,trousers,none,streetwear,streetwear,streetwear,5
t-shirt,shorts,none,formal,formal,formal,5
